i.time, i.insroll, g.Latitude, g.Longitude, g.time, Y_LeftwardOffset 
2501765.0000000000000, 0.9407967000000, 38.6159095500000, -89.6422556200000, 2501765.0000000000000, 0.1663653508287
2501817.0000000000000, 0.9521986000000, 38.6159093800000, -89.6422477900000, 2501813.0000000000000, 0.1637234329627
2501865.0000000000000, 0.9311710000000, 38.6159092200000, -89.6422399700000, 2501865.0000000000000, 0.1621751509837
2501917.0000000000000, 0.9431458000000, 38.6159090500000, -89.6422321500000, 2501913.0000000000000, 0.1595124108190
2501965.0000000000000, 0.9428594000000, 38.6159088900000, -89.6422243400000, 2501965.0000000000000, 0.1579433065412
2502017.0000000000000, 0.9445210000000, 38.6159086900000, -89.6422165300000, 2502013.0000000000000, 0.1519163694018
2502065.0000000000000, 0.9353536000000, 38.6159085300000, -89.6422087200000, 2502065.0000000000000, 0.1503472651240
2502117.0000000000000, 0.9131801000000, 38.6159083400000, -89.6422009300000, 2502113.0000000000000, 0.1453931415728
2502165.0000000000000, 0.9189670000000, 38.6159081900000, -89.6421931000000, 2502161.0000000000000, 0.1449801401376
2502217.0000000000000, 0.8975384000000, 38.6159080100000, -89.6421852800000, 2502213.0000000000000, 0.1412029417278
2502265.0000000000000, 0.9139250000000, 38.6159078400000, -89.6421774800000, 2502265.0000000000000, 0.1384985569358
2502317.0000000000000, 0.9228058000000, 38.6159076400000, -89.6421696700000, 2502313.0000000000000, 0.1324716205883
2502365.0000000000000, 0.9216026000000, 38.6159074500000, -89.6421618700000, 2502361.0000000000000, 0.1275383193655
2502417.0000000000000, 0.9261290000000, 38.6159072900000, -89.6421540600000, 2502413.0000000000000, 0.1259692150877
2502565.0000000000000, 0.9171908000000, 38.6159067000000, -89.6421306600000, 2502565.0000000000000, 0.1089403949293
2502617.0000000000000, 0.9331763000000, 38.6159064900000, -89.6421228400000, 2502613.0000000000000, 0.1018198226948
2502665.0000000000000, 0.9614805000000, 38.6159062900000, -89.6421150400000, 2502665.0000000000000, 0.0957720632566
2502717.0000000000000, 0.9742001000000, 38.6159061000000, -89.6421072700000, 2502713.0000000000000, 0.0907762950781
2502765.0000000000000, 0.9805027000000, 38.6159059200000, -89.6420994500000, 2502761.0000000000000, 0.0869990974602
2502817.0000000000000, 0.9739709000000, 38.6159057200000, -89.6420916600000, 2502813.0000000000000, 0.0809305156936
2502865.0000000000000, 0.9983217000000, 38.6159055300000, -89.6420838500000, 2502865.0000000000000, 0.0760180367696
2502917.0000000000000, 0.9774660000000, 38.6159053300000, -89.6420760300000, 2502913.0000000000000, 0.0700119219587
2502965.0000000000000, 0.9719083000000, 38.6159051400000, -89.6420682300000, 2502961.0000000000000, 0.0650786214981
2503017.0000000000000, 0.9572979000000, 38.6159049700000, -89.6420604100000, 2503013.0000000000000, 0.0624158813333
2503065.0000000000000, 0.9287073000000, 38.6159048000000, -89.6420526100000, 2503065.0000000000000, 0.0597114965413
2503117.0000000000000, 0.9277906000000, 38.6159046200000, -89.6420447900000, 2503113.0000000000000, 0.0559342981316
2503165.0000000000000, 0.9032107000000, 38.6159044500000, -89.6420369800000, 2503165.0000000000000, 0.0532507356384
2503217.0000000000000, 0.9000021000000, 38.6159043000000, -89.6420292000000, 2503213.0000000000000, 0.0527336218581
2503265.0000000000000, 0.8749065000000, 38.6159041400000, -89.6420213900000, 2503265.0000000000000, 0.0511645175803
2503317.0000000000000, 0.8762817000000, 38.6159039700000, -89.6420135900000, 2503313.0000000000000, 0.0484601327587
2503365.0000000000000, 0.8912358000000, 38.6159038200000, -89.6420057800000, 2503365.0000000000000, 0.0480054866963
2503417.0000000000000, 0.8879700000000, 38.6159036300000, -89.6419980000000, 2503413.0000000000000, 0.0430305408463
2503465.0000000000000, 0.9140396000000, 38.6159034500000, -89.6419902000000, 2503465.0000000000000, 0.0392116978389
2503517.0000000000000, 0.9488754000000, 38.6159032700000, -89.6419824100000, 2503513.0000000000000, 0.0353720325031
2503565.0000000000000, 0.9782681000000, 38.6159031000000, -89.6419746100000, 2503565.0000000000000, 0.0326676476815
2503617.0000000000000, 0.9867479000000, 38.6159029000000, -89.6419668000000, 2503613.0000000000000, 0.0266407113339
2503665.0000000000000, 0.9963163000000, 38.6159027100000, -89.6419589700000, 2503661.0000000000000, 0.0217698770372
2503737.0000000000000, 1.0063430000000, 38.6159025300000, -89.6419511500000, 2503733.0000000000000, 0.0179926786570
2503765.0000000000000, 1.0012440000000, 38.6159023600000, -89.6419433600000, 2503761.0000000000000, 0.0152674715366
2503817.0000000000000, 1.0128180000000, 38.6159022200000, -89.6419355800000, 2503813.0000000000000, 0.0158648167636
2503865.0000000000000, 1.0109840000000, 38.6159020400000, -89.6419277700000, 2503865.0000000000000, 0.0120667960550
2503917.0000000000000, 1.0025620000000, 38.6159018900000, -89.6419199900000, 2503913.0000000000000, 0.0115496830370
2503965.0000000000000, 0.9985508000000, 38.6159017400000, -89.6419121900000, 2503965.0000000000000, 0.0110742138839
2504017.0000000000000, 0.9838831000000, 38.6159015900000, -89.6419043800000, 2504017.0000000000000, 0.0106195678215
2504065.0000000000000, 0.9809037000000, 38.6159014400000, -89.6418965800000, 2504065.0000000000000, 0.0101440994603
2504117.0000000000000, 0.9347807000000, 38.6159013200000, -89.6418887500000, 2504113.0000000000000, 0.0130744718499
2504165.0000000000000, 0.9343796000000, 38.6159011800000, -89.6418809200000, 2504165.0000000000000, 0.0137759286301
2504217.0000000000000, 0.9327180000000, 38.6159010400000, -89.6418731100000, 2504213.0000000000000, 0.0144357399913
2504265.0000000000000, 0.9319159000000, 38.6159009100000, -89.6418653000000, 2504265.0000000000000, 0.0162100103597
2504317.0000000000000, 0.9428594000000, 38.6159007800000, -89.6418574700000, 2504313.0000000000000, 0.0180259245635
2504365.0000000000000, 0.9516256000000, 38.6159006500000, -89.6418496700000, 2504361.0000000000000, 0.0197793726331
2504417.0000000000000, 0.9678976000000, 38.6159005100000, -89.6418419000000, 2504413.0000000000000, 0.0203558955316
2504477.0000000000000, 0.9900711000000, 38.6159003700000, -89.6418340600000, 2504473.0000000000000, 0.0210781738484
2504565.0000000000000, 0.9948266000000, 38.6159001000000, -89.6418184200000, 2504565.0000000000000, 0.0235539001756
2504617.0000000000000, 0.9795859000000, 38.6158999900000, -89.6418106000000, 2504613.0000000000000, 0.0275779093032
2504665.0000000000000, 0.9901284000000, 38.6158998500000, -89.6418027700000, 2504661.0000000000000, 0.0282793652916
2504717.0000000000000, 0.9928213000000, 38.6158997200000, -89.6417949500000, 2504713.0000000000000, 0.0300744579588
2504765.0000000000000, 0.9881803000000, 38.6158995900000, -89.6417871300000, 2504761.0000000000000, 0.0318695498638
2504817.0000000000000, 0.9593033000000, 38.6158994800000, -89.6417793200000, 2504813.0000000000000, 0.0358727366630
2504865.0000000000000, 0.9226912000000, 38.6158993600000, -89.6417715100000, 2504865.0000000000000, 0.0387614644550
2504917.0000000000000, 0.8980541000000, 38.6158992600000, -89.6417636700000, 2504913.0000000000000, 0.0439415756038
2504965.0000000000000, 0.8688332000000, 38.6158991800000, -89.6417558300000, 2504965.0000000000000, 0.0513506032130
2505017.0000000000000, 0.8646506000000, 38.6158990600000, -89.6417480000000, 2505013.0000000000000, 0.0542809756025
2505065.0000000000000, 0.8675154000000, 38.6158989600000, -89.6417401500000, 2505065.0000000000000, 0.0594819098716
2505117.0000000000000, 0.8655673000000, 38.6158988200000, -89.6417323100000, 2505113.0000000000000, 0.0602041881884
2505165.0000000000000, 0.8580616000000, 38.6158987000000, -89.6417244500000, 2505161.0000000000000, 0.0631970283255
2505217.0000000000000, 0.8313045000000, 38.6158985800000, -89.6417166200000, 2505213.0000000000000, 0.0661274007447
2505265.0000000000000, 0.8276376000000, 38.6158984400000, -89.6417088000000, 2505265.0000000000000, 0.0668080351965
2505317.0000000000000, 0.7956665000000, 38.6158982900000, -89.6417009700000, 2505313.0000000000000, 0.0663950329695
2505365.0000000000000, 0.8071256000000, 38.6158981600000, -89.6416931300000, 2505365.0000000000000, 0.0682317702935
2505417.0000000000000, 0.8244863000000, 38.6158980100000, -89.6416853100000, 2505413.0000000000000, 0.0677979465299
2505477.0000000000000, 0.8364038000000, 38.6158978600000, -89.6416774700000, 2505473.0000000000000, 0.0674057666017
2505565.0000000000000, 0.8599523000000, 38.6158975400000, -89.6416618300000, 2505565.0000000000000, 0.0643092026734
2505617.0000000000000, 0.8794902000000, 38.6158973600000, -89.6416539900000, 2505613.0000000000000, 0.0605736489204
2505665.0000000000000, 0.8918088000000, 38.6158972100000, -89.6416461600000, 2505661.0000000000000, 0.0601606474853
2505717.0000000000000, 0.9151855000000, 38.6158970300000, -89.6416383300000, 2505713.0000000000000, 0.0564042713743
2505765.0000000000000, 0.9361557000000, 38.6158968500000, -89.6416304600000, 2505765.0000000000000, 0.0527311845474
2505817.0000000000000, 0.9333482000000, 38.6158966900000, -89.6416226100000, 2505813.0000000000000, 0.0512453695241
2505865.0000000000000, 0.9515110000000, 38.6158965300000, -89.6416147900000, 2505861.0000000000000, 0.0496970875451
2505917.0000000000000, 0.9597616000000, 38.6158963800000, -89.6416069300000, 2505913.0000000000000, 0.0493465530656
2505965.0000000000000, 0.9773514000000, 38.6158962200000, -89.6415991200000, 2505965.0000000000000, 0.0477774487878
2506017.0000000000000, 0.9707624000000, 38.6158960700000, -89.6415912700000, 2506013.0000000000000, 0.0474060911584
2506077.0000000000000, 0.9721375000000, 38.6158959100000, -89.6415834400000, 2506077.0000000000000, 0.0458786315078
2506125.0000000000000, 0.9783254000000, 38.6158957600000, -89.6415756200000, 2506125.0000000000000, 0.0454448077738
2506165.0000000000000, 0.9652620000000, 38.6158956200000, -89.6415677600000, 2506161.0000000000000, 0.0462087314801
2506217.0000000000000, 0.9742001000000, 38.6158954800000, -89.6415599300000, 2506213.0000000000000, 0.0469101874685
2506265.0000000000000, 0.9707051000000, 38.6158953300000, -89.6415521200000, 2506265.0000000000000, 0.0464555414061
2506317.0000000000000, 0.9677257000000, 38.6158951700000, -89.6415442800000, 2506313.0000000000000, 0.0449489040544
2506365.0000000000000, 0.9677257000000, 38.6158950300000, -89.6415364200000, 2506361.0000000000000, 0.0457128269984
2506417.0000000000000, 0.9589022000000, 38.6158949000000, -89.6415285900000, 2506413.0000000000000, 0.0475287419940
2506465.0000000000000, 0.9629129000000, 38.6158947800000, -89.6415207400000, 2506465.0000000000000, 0.0505007590108
2506517.0000000000000, 0.9390205000000, 38.6158946400000, -89.6415129300000, 2506513.0000000000000, 0.0511605711638
2506565.0000000000000, 0.9538602000000, 38.6158945000000, -89.6415050800000, 2506561.0000000000000, 0.0519036725713
2506617.0000000000000, 0.9491046000000, 38.6158943500000, -89.6414972700000, 2506613.0000000000000, 0.0514490257171
2506665.0000000000000, 0.9407967000000, 38.6158941900000, -89.6414894700000, 2506661.0000000000000, 0.0498590991404
2506717.0000000000000, 0.9445210000000, 38.6158940900000, -89.6414816300000, 2506713.0000000000000, 0.0550392102892
2506765.0000000000000, 0.9253268000000, 38.6158939600000, -89.6414738000000, 2506761.0000000000000, 0.0568551252849
2506817.0000000000000, 0.9404529000000, 38.6158938300000, -89.6414659500000, 2506813.0000000000000, 0.0587126841159
2506865.0000000000000, 0.9255560000000, 38.6158937100000, -89.6414581400000, 2506865.0000000000000, 0.0616014126997
2506937.0000000000000, 0.9296813000000, 38.6158935500000, -89.6414503600000, 2506937.0000000000000, 0.0599698414959
2506965.0000000000000, 0.9453231000000, 38.6158934400000, -89.6414425300000, 2506961.0000000000000, 0.0640146721009
2507017.0000000000000, 0.9316867000000, 38.6158933200000, -89.6414347000000, 2507013.0000000000000, 0.0669450445200
2507065.0000000000000, 0.9503078000000, 38.6158931900000, -89.6414268900000, 2507065.0000000000000, 0.0687193148885
2507117.0000000000000, 0.9473857000000, 38.6158930700000, -89.6414190700000, 2507117.0000000000000, 0.0716288650088
2507165.0000000000000, 0.9566103000000, 38.6158929400000, -89.6414112400000, 2507165.0000000000000, 0.0734447800045
2507217.0000000000000, 0.9549488000000, 38.6158928100000, -89.6414034100000, 2507213.0000000000000, 0.0752606942082
2507265.0000000000000, 0.9649182000000, 38.6158926600000, -89.6413956000000, 2507261.0000000000000, 0.0748060481458
2507317.0000000000000, 0.9796432000000, 38.6158925200000, -89.6413877900000, 2507313.0000000000000, 0.0754658602989
2507365.0000000000000, 0.9766639000000, 38.6158923900000, -89.6413799800000, 2507361.0000000000000, 0.0772401298754
2507417.0000000000000, 1.0103540000000, 38.6158922400000, -89.6413721900000, 2507413.0000000000000, 0.0767438391858
2507465.0000000000000, 0.9987227000000, 38.6158920800000, -89.6413644000000, 2507461.0000000000000, 0.0751330902808
2507517.0000000000000, 1.0132190000000, 38.6158919400000, -89.6413565800000, 2507513.0000000000000, 0.0758137239703
2507565.0000000000000, 0.9923629000000, 38.6158918100000, -89.6413487800000, 2507565.0000000000000, 0.0775671720104
2507617.0000000000000, 0.9873782000000, 38.6158917100000, -89.6413409300000, 2507613.0000000000000, 0.0827681054876
2507665.0000000000000, 0.9950558000000, 38.6158915700000, -89.6413331300000, 2507661.0000000000000, 0.0834070953122
2507717.0000000000000, 0.9888105000000, 38.6158914000000, -89.6413253400000, 2507717.0000000000000, 0.0806818882213
2507765.0000000000000, 1.0155100000000, 38.6158912500000, -89.6413175500000, 2507765.0000000000000, 0.0801855967399
2507817.0000000000000, 1.0191770000000, 38.6158911200000, -89.6413097400000, 2507813.0000000000000, 0.0819598671083
2507865.0000000000000, 1.0199790000000, 38.6158909600000, -89.6413019600000, 2507861.0000000000000, 0.0803282958749
2507917.0000000000000, 1.0143070000000, 38.6158908100000, -89.6412941500000, 2507913.0000000000000, 0.0798736498421
2507965.0000000000000, 1.0129890000000, 38.6158906500000, -89.6412863600000, 2507961.0000000000000, 0.0782629001452
2508017.0000000000000, 1.0200370000000, 38.6158905100000, -89.6412785800000, 2508017.0000000000000, 0.0788602453426
2508065.0000000000000, 1.0112130000000, 38.6158903800000, -89.6412707900000, 2508065.0000000000000, 0.0805928711134
2508117.0000000000000, 1.0237610000000, 38.6158902100000, -89.6412630100000, 2508113.0000000000000, 0.0778468416645
2508165.0000000000000, 1.0346470000000, 38.6158900600000, -89.6412552400000, 2508161.0000000000000, 0.0773089055558
2508217.0000000000000, 1.0400900000000, 38.6158899000000, -89.6412474600000, 2508213.0000000000000, 0.0756773343520
2508265.0000000000000, 1.0534980000000, 38.6158897500000, -89.6412396800000, 2508265.0000000000000, 0.0751602213636
2508337.0000000000000, 1.0391740000000, 38.6158895800000, -89.6412319100000, 2508337.0000000000000, 0.0723933696159
2508365.0000000000000, 1.0441580000000, 38.6158894500000, -89.6412241300000, 2508365.0000000000000, 0.0741051722664
2508417.0000000000000, 1.0313810000000, 38.6158893100000, -89.6412163400000, 2508413.0000000000000, 0.0747233397922
2508465.0000000000000, 1.0398040000000, 38.6158891900000, -89.6412085800000, 2508461.0000000000000, 0.0775079560309
2508517.0000000000000, 1.0493720000000, 38.6158890300000, -89.6412007900000, 2508517.0000000000000, 0.0758972071259
2508565.0000000000000, 1.0455330000000, 38.6158888700000, -89.6411929800000, 2508565.0000000000000, 0.0743281028481
2508617.0000000000000, 1.0606020000000, 38.6158887300000, -89.6411852300000, 2508613.0000000000000, 0.0748629811195
2508665.0000000000000, 1.0459920000000, 38.6158885800000, -89.6411774600000, 2508661.0000000000000, 0.0743250450404
2508717.0000000000000, 1.0661030000000, 38.6158884400000, -89.6411696700000, 2508717.0000000000000, 0.0749432125661
2508765.0000000000000, 1.0461060000000, 38.6158883100000, -89.6411618800000, 2508761.0000000000000, 0.0766758383073
2508817.0000000000000, 1.0438720000000, 38.6158881700000, -89.6411541200000, 2508813.0000000000000, 0.0772315381152
2508865.0000000000000, 1.0406060000000, 38.6158880200000, -89.6411463400000, 2508865.0000000000000, 0.0767144250972
2508917.0000000000000, 1.0301210000000, 38.6158878800000, -89.6411385700000, 2508917.0000000000000, 0.0772909480254
2508965.0000000000000, 1.0500020000000, 38.6158877400000, -89.6411307800000, 2508965.0000000000000, 0.0779091147593
2509017.0000000000000, 1.0583680000000, 38.6158876200000, -89.6411230000000, 2509013.0000000000000, 0.0807353764171
2509065.0000000000000, 1.0690250000000, 38.6158874700000, -89.6411152200000, 2509065.0000000000000, 0.0802182626072
2509117.0000000000000, 1.0606020000000, 38.6158873300000, -89.6411074700000, 2509113.0000000000000, 0.0807531409081
2509165.0000000000000, 1.0564200000000, 38.6158871900000, -89.6410996800000, 2509165.0000000000000, 0.0813713084339
2509217.0000000000000, 1.0498880000000, 38.6158870600000, -89.6410918900000, 2509213.0000000000000, 0.0831039333832
2509265.0000000000000, 1.0257660000000, 38.6158869500000, -89.6410841000000, 2509261.0000000000000, 0.0870654747634
2509337.0000000000000, 1.0229020000000, 38.6158867900000, -89.6410763000000, 2509337.0000000000000, 0.0854755481867
2509365.0000000000000, 1.0257090000000, 38.6158866800000, -89.6410685000000, 2509361.0000000000000, 0.0894579126576
2509417.0000000000000, 1.0327560000000, 38.6158865400000, -89.6410607200000, 2509413.0000000000000, 0.0900552570927
2509465.0000000000000, 1.0112710000000, 38.6158864100000, -89.6410529100000, 2509461.0000000000000, 0.0918295274611
2509525.0000000000000, 0.9944255000000, 38.6158863000000, -89.6410451100000, 2509525.0000000000000, 0.0958118911696
2509565.0000000000000, 0.9952850000000, 38.6158861600000, -89.6410373300000, 2509565.0000000000000, 0.0964092363670
2509617.0000000000000, 0.9867479000000, 38.6158860300000, -89.6410295200000, 2509613.0000000000000, 0.0981835059436
2509665.0000000000000, 1.0086350000000, 38.6158858900000, -89.6410217300000, 2509661.0000000000000, 0.0988016734693
2509717.0000000000000, 1.0235320000000, 38.6158857600000, -89.6410139100000, 2509717.0000000000000, 0.1005967653743
2509765.0000000000000, 1.0430700000000, 38.6158856000000, -89.6410061200000, 2509761.0000000000000, 0.0989860164693
2509817.0000000000000, 1.0431270000000, 38.6158854700000, -89.6409983000000, 2509813.0000000000000, 0.1007811091365
2509865.0000000000000, 1.0583680000000, 38.6158853200000, -89.6409905000000, 2509861.0000000000000, 0.1003056399835
2509917.0000000000000, 1.0763590000000, 38.6158851800000, -89.6409826700000, 2509917.0000000000000, 0.1010070967637
2509965.0000000000000, 1.0712590000000, 38.6158850300000, -89.6409748700000, 2509965.0000000000000, 0.1005316284025
2510017.0000000000000, 1.1055220000000, 38.6158848800000, -89.6409670700000, 2510013.0000000000000, 0.1000561600117
2510065.0000000000000, 1.1039180000000, 38.6158847400000, -89.6409592700000, 2510065.0000000000000, 0.1006951490740
2510117.0000000000000, 1.1162360000000, 38.6158845800000, -89.6409514400000, 2510113.0000000000000, 0.0991676894235
2510165.0000000000000, 1.1197890000000, 38.6158844700000, -89.6409436000000, 2510161.0000000000000, 0.1032333423569
2510217.0000000000000, 1.1138300000000, 38.6158843000000, -89.6409357900000, 2510213.0000000000000, 0.1005497798637
2510265.0000000000000, 1.1138870000000, 38.6158841900000, -89.6409279400000, 2510261.0000000000000, 0.1046362559173
2510337.0000000000000, 1.1097620000000, 38.6158840600000, -89.6409201300000, 2510337.0000000000000, 0.1064105254939
2510365.0000000000000, 1.1097050000000, 38.6158839200000, -89.6409123100000, 2510365.0000000000000, 0.1070911599457
2510465.0000000000000, 1.0770460000000, 38.6158836500000, -89.6408967000000, 2510465.0000000000000, 0.1095044193765
2510517.0000000000000, 1.0608890000000, 38.6158835200000, -89.6408888800000, 2510513.0000000000000, 0.1112995112518
2510565.0000000000000, 1.0453620000000, 38.6158834000000, -89.6408810500000, 2510561.0000000000000, 0.1142298844629
2510617.0000000000000, 1.0713740000000, 38.6158832700000, -89.6408731900000, 2510613.0000000000000, 0.1161082656223
2510665.0000000000000, 1.0650140000000, 38.6158831200000, -89.6408653500000, 2510661.0000000000000, 0.1157160864860
2510717.0000000000000, 1.1054650000000, 38.6158829700000, -89.6408575300000, 2510713.0000000000000, 0.1152822627224
2510765.0000000000000, 1.1360610000000, 38.6158828300000, -89.6408496500000, 2510765.0000000000000, 0.1160878302640
2510817.0000000000000, 1.1366910000000, 38.6158826700000, -89.6408418000000, 2510813.0000000000000, 0.1146020152407
2510865.0000000000000, 1.1553690000000, 38.6158825500000, -89.6408339600000, 2510865.0000000000000, 0.1175532107801
2510917.0000000000000, 1.1451710000000, 38.6158823900000, -89.6408261400000, 2510913.0000000000000, 0.1160049288012
2511005.0000000000000, 1.1338260000000, 38.6158822500000, -89.6408183200000, 2511001.0000000000000, 0.1166855624907
2511025.0000000000000, 1.1466600000000, 38.6158821100000, -89.6408105000000, 2511021.0000000000000, 0.1173661969426
2511065.0000000000000, 1.1442540000000, 38.6158819700000, -89.6408026700000, 2511065.0000000000000, 0.1180676529309
2511117.0000000000000, 1.1462020000000, 38.6158818300000, -89.6407948300000, 2511113.0000000000000, 0.1187899320100
2511165.0000000000000, 1.1381810000000, 38.6158817000000, -89.6407869500000, 2511165.0000000000000, 0.1207099585589
2511217.0000000000000, 1.1640210000000, 38.6158815500000, -89.6407790800000, 2511213.0000000000000, 0.1203802455863
2511265.0000000000000, 1.1715270000000, 38.6158814100000, -89.6407712000000, 2511261.0000000000000, 0.1211858139198
2511317.0000000000000, 1.1745060000000, 38.6158812600000, -89.6407633400000, 2511313.0000000000000, 0.1208352794107
2511365.0000000000000, 1.1748500000000, 38.6158811300000, -89.6407554900000, 2511365.0000000000000, 0.1226928382417
2511417.0000000000000, 1.1659120000000, 38.6158809900000, -89.6407476400000, 2511413.0000000000000, 0.1234359396492
2511465.0000000000000, 1.1761680000000, 38.6158808400000, -89.6407398000000, 2511461.0000000000000, 0.1230437605128
2511517.0000000000000, 1.1690630000000, 38.6158806800000, -89.6407319700000, 2511513.0000000000000, 0.1215163000704
2511565.0000000000000, 1.1787460000000, 38.6158805400000, -89.6407241200000, 2511565.0000000000000, 0.1222594014779
2511617.0000000000000, 1.1836160000000, 38.6158803900000, -89.6407162700000, 2511613.0000000000000, 0.1218880446699
2511665.0000000000000, 1.1916380000000, 38.6158802200000, -89.6407084300000, 2511665.0000000000000, 0.1192669491028
2511717.0000000000000, 1.2069930000000, 38.6158800700000, -89.6407005500000, 2511713.0000000000000, 0.1189580592209
2511765.0000000000000, 1.2111750000000, 38.6158799400000, -89.6406926700000, 2511765.0000000000000, 0.1208780849779
2511817.0000000000000, 1.2264730000000, 38.6158797700000, -89.6406848000000, 2511813.0000000000000, 0.1183194563664
2511865.0000000000000, 1.2096280000000, 38.6158796400000, -89.6406769600000, 2511861.0000000000000, 0.1201561936905
2511917.0000000000000, 1.2208010000000, 38.6158794500000, -89.6406690900000, 2511913.0000000000000, 0.1153686486186
2511965.0000000000000, 1.2175930000000, 38.6158793100000, -89.6406612300000, 2511965.0000000000000, 0.1161325715330
2512017.0000000000000, 1.2075660000000, 38.6158791800000, -89.6406533900000, 2512017.0000000000000, 0.1179693088570
2512065.0000000000000, 1.2245830000000, 38.6158790100000, -89.6406455100000, 2512065.0000000000000, 0.1154315025443
2512117.0000000000000, 1.2261300000000, 38.6158788800000, -89.6406376700000, 2512113.0000000000000, 0.1172682390469
2512165.0000000000000, 1.2523140000000, 38.6158787000000, -89.6406298000000, 2512165.0000000000000, 0.1135951530119
2512217.0000000000000, 1.2606790000000, 38.6158785600000, -89.6406219300000, 2512213.0000000000000, 0.1143798982547
2512265.0000000000000, 1.2773520000000, 38.6158784100000, -89.6406140600000, 2512261.0000000000000, 0.1140501860444
2512317.0000000000000, 1.2920200000000, 38.6158782500000, -89.6406062100000, 2512313.0000000000000, 0.1125643710211
2512365.0000000000000, 1.2982650000000, 38.6158781000000, -89.6405983700000, 2512365.0000000000000, 0.1121721918847
2512417.0000000000000, 1.3168290000000, 38.6158779500000, -89.6405905100000, 2512417.0000000000000, 0.1118216566133
2512465.0000000000000, 1.3112140000000, 38.6158778300000, -89.6405826200000, 2512461.0000000000000, 0.1148769636764
2512517.0000000000000, 1.3229600000000, 38.6158776700000, -89.6405747800000, 2512513.0000000000000, 0.1133703263543
2512565.0000000000000, 1.3193500000000, 38.6158775100000, -89.6405669100000, 2512565.0000000000000, 0.1119261551367
2512617.0000000000000, 1.3250220000000, 38.6158773800000, -89.6405590400000, 2512613.0000000000000, 0.1138253593868
2512665.0000000000000, 1.3456490000000, 38.6158772400000, -89.6405511700000, 2512665.0000000000000, 0.1146101054215
2512717.0000000000000, 1.3223870000000, 38.6158770900000, -89.6405433100000, 2512713.0000000000000, 0.1142595701205
2512765.0000000000000, 1.3267410000000, 38.6158769500000, -89.6405354700000, 2512765.0000000000000, 0.1149818491996
2512817.0000000000000, 1.3019320000000, 38.6158768300000, -89.6405275900000, 2512813.0000000000000, 0.1180163331720
2512865.0000000000000, 1.2751180000000, 38.6158767200000, -89.6405197100000, 2512865.0000000000000, 0.1221652761517
2512917.0000000000000, 1.2517980000000, 38.6158765900000, -89.6405118700000, 2512913.0000000000000, 0.1240020126839
2512965.0000000000000, 1.2115190000000, 38.6158765000000, -89.6405040100000, 2512965.0000000000000, 0.1303382266753
2513017.0000000000000, 1.2053310000000, 38.6158763400000, -89.6404961500000, 2513013.0000000000000, 0.1288732339508
2513065.0000000000000, 1.1656250000000, 38.6158762300000, -89.6404882800000, 2513065.0000000000000, 0.1330013538398
2513117.0000000000000, 1.1661980000000, 38.6158761200000, -89.6404804200000, 2513113.0000000000000, 0.1371086521923
2513165.0000000000000, 1.1576610000000, 38.6158760000000, -89.6404725300000, 2513165.0000000000000, 0.1401639584932
2513217.0000000000000, 1.1429930000000, 38.6158759000000, -89.6404646400000, 2513213.0000000000000, 0.1454481811952
2513265.0000000000000, 1.1593230000000, 38.6158757600000, -89.6404567800000, 2513261.0000000000000, 0.1462121049311
2513317.0000000000000, 1.1437960000000, 38.6158756300000, -89.6404489100000, 2513313.0000000000000, 0.1481113083597
2513365.0000000000000, 1.1479210000000, 38.6158754900000, -89.6404410300000, 2513365.0000000000000, 0.1489168766932
2513417.0000000000000, 1.1327380000000, 38.6158753600000, -89.6404331800000, 2513413.0000000000000, 0.1507744355242
2513465.0000000000000, 1.1530200000000, 38.6158752400000, -89.6404253000000, 2513465.0000000000000, 0.1538089202886
2513517.0000000000000, 1.1614430000000, 38.6158750900000, -89.6404174400000, 2513513.0000000000000, 0.1534583858090
2513565.0000000000000, 1.1468900000000, 38.6158749400000, -89.6404095600000, 2513565.0000000000000, 0.1531494951353
2513617.0000000000000, 1.1524470000000, 38.6158748100000, -89.6404016900000, 2513613.0000000000000, 0.1550486993558
2513665.0000000000000, 1.1407590000000, 38.6158746900000, -89.6403938000000, 2513665.0000000000000, 0.1581040056566
2513717.0000000000000, 1.1244300000000, 38.6158745600000, -89.6403859200000, 2513713.0000000000000, 0.1600240322055
2513765.0000000000000, 1.1294720000000, 38.6158744400000, -89.6403780600000, 2513765.0000000000000, 0.1630168715507
2513817.0000000000000, 1.1181270000000, 38.6158742900000, -89.6403701800000, 2513813.0000000000000, 0.1627079816689
2513865.0000000000000, 1.1425350000000, 38.6158741500000, -89.6403623200000, 2513865.0000000000000, 0.1634719054047
2513917.0000000000000, 1.1153770000000, 38.6158740000000, -89.6403544500000, 2513913.0000000000000, 0.1631421924026
2513965.0000000000000, 1.1259190000000, 38.6158738600000, -89.6403465800000, 2513965.0000000000000, 0.1639269384372
2514017.0000000000000, 1.1213930000000, 38.6158737300000, -89.6403387000000, 2514013.0000000000000, 0.1658469641943
2514065.0000000000000, 1.1307900000000, 38.6158736000000, -89.6403308400000, 2514065.0000000000000, 0.1677253461160
2514117.0000000000000, 1.1497540000000, 38.6158734400000, -89.6403229600000, 2514113.0000000000000, 0.1663019980187
2514165.0000000000000, 1.1550260000000, 38.6158732800000, -89.6403150800000, 2514165.0000000000000, 0.1648786499510
2514217.0000000000000, 1.1867670000000, 38.6158731400000, -89.6403072100000, 2514213.0000000000000, 0.1656633951642
2514265.0000000000000, 1.1758810000000, 38.6158729900000, -89.6402993300000, 2514261.0000000000000, 0.1653545052823
2514317.0000000000000, 1.2076800000000, 38.6158728000000, -89.6402914700000, 2514313.0000000000000, 0.1605461379412
2514385.0000000000000, 1.2282500000000, 38.6158726500000, -89.6402835900000, 2514381.0000000000000, 0.1602372480593
2514417.0000000000000, 1.2168480000000, 38.6158725000000, -89.6402757500000, 2514413.0000000000000, 0.1598450689229
2514465.0000000000000, 1.2301980000000, 38.6158723400000, -89.6402678600000, 2514461.0000000000000, 0.1584425431541
2514517.0000000000000, 1.2166190000000, 38.6158722000000, -89.6402599800000, 2514513.0000000000000, 0.1592481106957
2514565.0000000000000, 1.2230360000000, 38.6158720400000, -89.6402521400000, 2514561.0000000000000, 0.1577414733439
2514617.0000000000000, 1.2114050000000, 38.6158719100000, -89.6402442800000, 2514613.0000000000000, 0.1596198552656
2514665.0000000000000, 1.2178220000000, 38.6158717800000, -89.6402363900000, 2514661.0000000000000, 0.1615607033511
2514717.0000000000000, 1.2397090000000, 38.6158716000000, -89.6402285500000, 2514713.0000000000000, 0.1578251495685
2514765.0000000000000, 1.2295670000000, 38.6158714600000, -89.6402206600000, 2514761.0000000000000, 0.1586515402304
2514817.0000000000000, 1.2571270000000, 38.6158713500000, -89.6402128100000, 2514813.0000000000000, 0.1627380154922
2514865.0000000000000, 1.2466990000000, 38.6158712300000, -89.6402049200000, 2514861.0000000000000, 0.1657933225554
2514917.0000000000000, 1.2508810000000, 38.6158710700000, -89.6401970900000, 2514917.0000000000000, 0.1642658621129
2514965.0000000000000, 1.2491630000000, 38.6158709400000, -89.6401892300000, 2514961.0000000000000, 0.1661442440346
2515017.0000000000000, 1.2491630000000, 38.6158708100000, -89.6401813600000, 2515013.0000000000000, 0.1680434474929
2515065.0000000000000, 1.2749460000000, 38.6158706800000, -89.6401734800000, 2515065.0000000000000, 0.1699634740418
2515117.0000000000000, 1.2677260000000, 38.6158705300000, -89.6401655900000, 2515113.0000000000000, 0.1696754064883
2515165.0000000000000, 1.2874360000000, 38.6158704100000, -89.6401577300000, 2515161.0000000000000, 0.1726682458335
2515217.0000000000000, 1.2959730000000, 38.6158702800000, -89.6401498800000, 2515213.0000000000000, 0.1745258054564
2515265.0000000000000, 1.2932800000000, 38.6158701300000, -89.6401420100000, 2515261.0000000000000, 0.1741960924542
2515317.0000000000000, 1.2904730000000, 38.6158700100000, -89.6401341800000, 2515313.0000000000000, 0.1771264656652
2515385.0000000000000, 1.2697320000000, 38.6158698900000, -89.6401263400000, 2515385.0000000000000, 0.1800776604128
2515417.0000000000000, 1.2663510000000, 38.6158697400000, -89.6401184900000, 2515413.0000000000000, 0.1797063035753
2515465.0000000000000, 1.2338650000000, 38.6158696100000, -89.6401106400000, 2515461.0000000000000, 0.1815638624063
2515517.0000000000000, 1.2305410000000, 38.6158694900000, -89.6401027600000, 2515513.0000000000000, 0.1845983471706
2515565.0000000000000, 1.2084250000000, 38.6158693700000, -89.6400949000000, 2515561.0000000000000, 0.1875911865454
2515617.0000000000000, 1.1731310000000, 38.6158692200000, -89.6400870700000, 2515613.0000000000000, 0.1871781850807
2515665.0000000000000, 1.1712400000000, 38.6158691000000, -89.6400792200000, 2515661.0000000000000, 0.1901502021271
2515717.0000000000000, 1.1495830000000, 38.6158689600000, -89.6400713500000, 2515713.0000000000000, 0.1909349481617
2515765.0000000000000, 1.1532500000000, 38.6158688300000, -89.6400635400000, 2515765.0000000000000, 0.1927092177383
2515817.0000000000000, 1.1420770000000, 38.6158687000000, -89.6400557300000, 2515813.0000000000000, 0.1944834881067
2515865.0000000000000, 1.1323940000000, 38.6158685400000, -89.6400478800000, 2515861.0000000000000, 0.1929976730834
2515917.0000000000000, 1.1490670000000, 38.6158683900000, -89.6400400400000, 2515913.0000000000000, 0.1926054939470
2515965.0000000000000, 1.1305600000000, 38.6158682400000, -89.6400322300000, 2515965.0000000000000, 0.1921508470928
2516017.0000000000000, 1.1440250000000, 38.6158681000000, -89.6400244200000, 2516017.0000000000000, 0.1928106592458
2516065.0000000000000, 1.1397850000000, 38.6158679400000, -89.6400165800000, 2516065.0000000000000, 0.1913040219236
2516117.0000000000000, 1.1444830000000, 38.6158677700000, -89.6400087500000, 2516113.0000000000000, 0.1886621040281
2516165.0000000000000, 1.1293000000000, 38.6158676200000, -89.6400009100000, 2516165.0000000000000, 0.1882699249213
2516217.0000000000000, 1.1222520000000, 38.6158674800000, -89.6399931100000, 2516213.0000000000000, 0.1889089139541
2516265.0000000000000, 1.1246020000000, 38.6158673200000, -89.6399853000000, 2516261.0000000000000, 0.1873398096763
2516317.0000000000000, 1.1014540000000, 38.6158671900000, -89.6399774700000, 2516313.0000000000000, 0.1891557246719
2516365.0000000000000, 1.1044910000000, 38.6158670300000, -89.6399696600000, 2516365.0000000000000, 0.1875866196023
2516417.0000000000000, 1.0862710000000, 38.6158668900000, -89.6399618500000, 2516413.0000000000000, 0.1882464317553
2516465.0000000000000, 1.0759000000000, 38.6158667200000, -89.6399540600000, 2516461.0000000000000, 0.1855212246645
2516517.0000000000000, 1.0682800000000, 38.6158665900000, -89.6399462800000, 2516513.0000000000000, 0.1872330280773
2516565.0000000000000, 1.0726340000000, 38.6158664400000, -89.6399384800000, 2516565.0000000000000, 0.1867575589242
2516617.0000000000000, 1.0938910000000, 38.6158663000000, -89.6399306600000, 2516613.0000000000000, 0.1874381933760
2516665.0000000000000, 1.0886770000000, 38.6158661500000, -89.6399228500000, 2516661.0000000000000, 0.1869835473136
2516717.0000000000000, 1.1111940000000, 38.6158660000000, -89.6399150600000, 2516713.0000000000000, 0.1864872558322
2516765.0000000000000, 1.1178410000000, 38.6158658500000, -89.6399072400000, 2516761.0000000000000, 0.1860534320982
2516817.0000000000000, 1.1122830000000, 38.6158657100000, -89.6398994300000, 2516813.0000000000000, 0.1867132442512
2516865.0000000000000, 1.1198460000000, 38.6158655900000, -89.6398916300000, 2516861.0000000000000, 0.1895811497443
2516917.0000000000000, 1.1117670000000, 38.6158654500000, -89.6398838100000, 2516913.0000000000000, 0.1902617841962
2516965.0000000000000, 1.1297580000000, 38.6158652900000, -89.6398760300000, 2516961.0000000000000, 0.1886302129923
2517017.0000000000000, 1.1156630000000, 38.6158651600000, -89.6398682600000, 2517013.0000000000000, 0.1903211933144
2517065.0000000000000, 1.1153770000000, 38.6158650400000, -89.6398604700000, 2517065.0000000000000, 0.1931682772710
2517117.0000000000000, 1.1100480000000, 38.6158649000000, -89.6398526800000, 2517113.0000000000000, 0.1937864440050
2517165.0000000000000, 1.0969850000000, 38.6158647600000, -89.6398448800000, 2517161.0000000000000, 0.1944254338592
2517217.0000000000000, 1.1140020000000, 38.6158646300000, -89.6398370600000, 2517213.0000000000000, 0.1962205257345
2517265.0000000000000, 1.0997920000000, 38.6158645100000, -89.6398292600000, 2517261.0000000000000, 0.1990884320195
2517317.0000000000000, 1.1206480000000, 38.6158643600000, -89.6398214800000, 2517313.0000000000000, 0.1985713190311
2517365.0000000000000, 1.1241430000000, 38.6158642300000, -89.6398136900000, 2517365.0000000000000, 0.2003039439804
2517417.0000000000000, 1.1333680000000, 38.6158640900000, -89.6398059100000, 2517413.0000000000000, 0.2009012891778
2517465.0000000000000, 1.1445980000000, 38.6158639700000, -89.6397981200000, 2517461.0000000000000, 0.2037483723721
2517517.0000000000000, 1.1394410000000, 38.6158638300000, -89.6397903700000, 2517513.0000000000000, 0.2042832506435
2517565.0000000000000, 1.1550260000000, 38.6158637000000, -89.6397826000000, 2517565.0000000000000, 0.2059742309656
2517617.0000000000000, 1.1471760000000, 38.6158635700000, -89.6397747700000, 2517613.0000000000000, 0.2077901459612
2517665.0000000000000, 1.1496400000000, 38.6158634500000, -89.6397669800000, 2517661.0000000000000, 0.2106372291259
2517717.0000000000000, 1.1346280000000, 38.6158633200000, -89.6397591700000, 2517713.0000000000000, 0.2124114994943
2517785.0000000000000, 1.1233980000000, 38.6158632100000, -89.6397513500000, 2517781.0000000000000, 0.2164355078301
2517817.0000000000000, 1.1317060000000, 38.6158630800000, -89.6397435400000, 2517813.0000000000000, 0.2182097774067
2517865.0000000000000, 1.1161790000000, 38.6158629500000, -89.6397357600000, 2517861.0000000000000, 0.2199215808490
2517917.0000000000000, 1.1255180000000, 38.6158628200000, -89.6397279700000, 2517913.0000000000000, 0.2216542057984
2517965.0000000000000, 1.1026570000000, 38.6158627000000, -89.6397201800000, 2517965.0000000000000, 0.2245012897549
2518017.0000000000000, 1.0856400000000, 38.6158626000000, -89.6397123800000, 2518013.0000000000000, 0.2295981116493
2518065.0000000000000, 1.0879320000000, 38.6158625000000, -89.6397046100000, 2518065.0000000000000, 0.2346324666472
2518117.0000000000000, 1.0943490000000, 38.6158623600000, -89.6396968400000, 2518113.0000000000000, 0.2352089895458
2518165.0000000000000, 1.1276960000000, 38.6158622200000, -89.6396890000000, 2518161.0000000000000, 0.2359312678329
2518217.0000000000000, 1.1353730000000, 38.6158620900000, -89.6396811900000, 2518213.0000000000000, 0.2377055382014
2518265.0000000000000, 1.1628180000000, 38.6158619700000, -89.6396734000000, 2518261.0000000000000, 0.2405526213661
2518317.0000000000000, 1.1780590000000, 38.6158618200000, -89.6396655600000, 2518313.0000000000000, 0.2401604422593
2518365.0000000000000, 1.2006330000000, 38.6158616800000, -89.6396577400000, 2518361.0000000000000, 0.2408410767112
2518417.0000000000000, 1.2120350000000, 38.6158615600000, -89.6396499400000, 2518413.0000000000000, 0.2437089822043
2518465.0000000000000, 1.2131240000000, 38.6158614100000, -89.6396421200000, 2518461.0000000000000, 0.2432751584407
2518517.0000000000000, 1.2248690000000, 38.6158612700000, -89.6396342900000, 2518513.0000000000000, 0.2439766152210
2518597.0000000000000, 1.2193690000000, 38.6158611200000, -89.6396264600000, 2518593.0000000000000, 0.2435636129939
2518625.0000000000000, 1.2081960000000, 38.6158609700000, -89.6396186300000, 2518625.0000000000000, 0.2431506115588
2518665.0000000000000, 1.2208580000000, 38.6158608400000, -89.6396108100000, 2518661.0000000000000, 0.2449457042556
2518717.0000000000000, 1.2158740000000, 38.6158607000000, -89.6396030100000, 2518713.0000000000000, 0.2455846932883
2518765.0000000000000, 1.2130090000000, 38.6158605300000, -89.6395952100000, 2518761.0000000000000, 0.2428803084963
2518817.0000000000000, 1.1937000000000, 38.6158604200000, -89.6395873900000, 2518813.0000000000000, 0.2469043168025
2518865.0000000000000, 1.1888870000000, 38.6158602800000, -89.6395795400000, 2518861.0000000000000, 0.2476474182100
2518917.0000000000000, 1.1674020000000, 38.6158601600000, -89.6395717100000, 2518913.0000000000000, 0.2505777906292
2518977.0000000000000, 1.1712400000000, 38.6158600100000, -89.6395638700000, 2518977.0000000000000, 0.2501856114928
2519017.0000000000000, 1.1919240000000, 38.6158598500000, -89.6395560000000, 2519013.0000000000000, 0.2487414410967
2519065.0000000000000, 1.1701520000000, 38.6158597100000, -89.6395481600000, 2519065.0000000000000, 0.2494637201758
2519117.0000000000000, 1.1669430000000, 38.6158595700000, -89.6395403200000, 2519113.0000000000000, 0.2501859984925
2519165.0000000000000, 1.1325660000000, 38.6158594100000, -89.6395324800000, 2519165.0000000000000, 0.2486793611408
2519217.0000000000000, 1.1287270000000, 38.6158592800000, -89.6395246400000, 2519213.0000000000000, 0.2505160984353
2519265.0000000000000, 1.1090740000000, 38.6158591500000, -89.6395168100000, 2519261.0000000000000, 0.2523320126390
2519317.0000000000000, 1.0832340000000, 38.6158590100000, -89.6395089900000, 2519313.0000000000000, 0.2530126471205
2519365.0000000000000, 1.0762440000000, 38.6158588800000, -89.6395011300000, 2519361.0000000000000, 0.2548910282503
2519417.0000000000000, 1.0369960000000, 38.6158587500000, -89.6394932900000, 2519413.0000000000000, 0.2567277655447
2519465.0000000000000, 1.0388870000000, 38.6158585700000, -89.6394854700000, 2519461.0000000000000, 0.2529505671645
2519517.0000000000000, 1.0332150000000, 38.6158584400000, -89.6394776100000, 2519513.0000000000000, 0.2548289482944
2519597.0000000000000, 1.0486270000000, 38.6158582900000, -89.6394697300000, 2519593.0000000000000, 0.2545200584125
2519625.0000000000000, 1.0638110000000, 38.6158581400000, -89.6394618500000, 2519625.0000000000000, 0.2542111685306
2519665.0000000000000, 1.0670190000000, 38.6158579700000, -89.6394539700000, 2519661.0000000000000, 0.2516733622179
2519717.0000000000000, 1.0925160000000, 38.6158578200000, -89.6394461200000, 2519713.0000000000000, 0.2513020054099
2519765.0000000000000, 1.1006520000000, 38.6158576400000, -89.6394382700000, 2519761.0000000000000, 0.2475872739558
2519817.0000000000000, 1.1295860000000, 38.6158574900000, -89.6394304400000, 2519813.0000000000000, 0.2471742725206
2519865.0000000000000, 1.1336540000000, 38.6158573200000, -89.6394225800000, 2519861.0000000000000, 0.2445948215807
2519917.0000000000000, 1.1401290000000, 38.6158571500000, -89.6394147700000, 2519913.0000000000000, 0.2419112582957
2519965.0000000000000, 1.1445410000000, 38.6158570100000, -89.6394069100000, 2519961.0000000000000, 0.2426751820019
2520025.0000000000000, 1.1482650000000, 38.6158568800000, -89.6393990400000, 2520021.0000000000000, 0.2445743862520
2520065.0000000000000, 1.1585210000000, 38.6158567100000, -89.6393911700000, 2520065.0000000000000, 0.2420157576405
2520117.0000000000000, 1.1546250000000, 38.6158565400000, -89.6393833100000, 2520113.0000000000000, 0.2394363067006
2520165.0000000000000, 1.1674590000000, 38.6158564200000, -89.6393754300000, 2520161.0000000000000, 0.2424707906730
2520217.0000000000000, 1.1845330000000, 38.6158562800000, -89.6393675500000, 2520213.0000000000000, 0.2432763590066
2520265.0000000000000, 1.2030970000000, 38.6158560900000, -89.6393596800000, 2520261.0000000000000, 0.2384888139642
2520317.0000000000000, 1.2356980000000, 38.6158559600000, -89.6393518300000, 2520313.0000000000000, 0.2403463727952
2520365.0000000000000, 1.2378750000000, 38.6158558300000, -89.6393439500000, 2520361.0000000000000, 0.2422663993441
2520425.0000000000000, 1.2379900000000, 38.6158556400000, -89.6393360900000, 2520425.0000000000000, 0.2374580319734
2520477.0000000000000, 1.2272760000000, 38.6158555800000, -89.6393282200000, 2520477.0000000000000, 0.2471584429395
2520517.0000000000000, 1.2284220000000, 38.6158554300000, -89.6393203800000, 2520513.0000000000000, 0.2467662638031
2520565.0000000000000, 1.2422870000000, 38.6158553900000, -89.6393124800000, 2520561.0000000000000, 0.2587580573341
2520637.0000000000000, 1.2495060000000, 38.6158552500000, -89.6393046200000, 2520633.0000000000000, 0.2595219810404
2520665.0000000000000, 1.2669240000000, 38.6158551200000, -89.6392967300000, 2520661.0000000000000, 0.2614628291259
2520717.0000000000000, 1.2529440000000, 38.6158549100000, -89.6392888700000, 2520713.0000000000000, 0.2544255461162
2520765.0000000000000, 1.2755760000000, 38.6158547100000, -89.6392810200000, 2520761.0000000000000, 0.2484818982313
2520825.0000000000000, 1.2344950000000, 38.6158545800000, -89.6392731700000, 2520825.0000000000000, 0.2503394570622
2520865.0000000000000, 1.1909500000000, 38.6158544800000, -89.6392653400000, 2520865.0000000000000, 0.2554987467041
2520917.0000000000000, 1.1981690000000, 38.6158543600000, -89.6392574700000, 2520913.0000000000000, 0.2585124083481
2520965.0000000000000, 1.2005760000000, 38.6158542700000, -89.6392495600000, 2520961.0000000000000, 0.2649527339224
2521037.0000000000000, 1.2634290000000, 38.6158541500000, -89.6392416700000, 2521033.0000000000000, 0.2680080401937
2521065.0000000000000, 1.2795290000000, 38.6158540100000, -89.6392337600000, 2521065.0000000000000, 0.2688760754828
2521117.0000000000000, 1.3023330000000, 38.6158538600000, -89.6392258700000, 2521113.0000000000000, 0.2685880078997
2521165.0000000000000, 1.3212410000000, 38.6158537300000, -89.6392180200000, 2521161.0000000000000, 0.2704455667307
2521217.0000000000000, 1.3161410000000, 38.6158536400000, -89.6392101600000, 2521213.0000000000000, 0.2767817807221
2521265.0000000000000, 1.3197510000000, 38.6158535000000, -89.6392023200000, 2521261.0000000000000, 0.2775040598308
2521317.0000000000000, 1.2965460000000, 38.6158533600000, -89.6391944600000, 2521313.0000000000000, 0.2782679835371
2521365.0000000000000, 1.2723100000000, 38.6158532400000, -89.6391866000000, 2521361.0000000000000, 0.2812608228823
2521417.0000000000000, 1.2660080000000, 38.6158531400000, -89.6391787100000, 2521413.0000000000000, 0.2865450456140
2521465.0000000000000, 1.2215460000000, 38.6158530000000, -89.6391708300000, 2521461.0000000000000, 0.2873506139475
2521517.0000000000000, 1.2134100000000, 38.6158528800000, -89.6391629400000, 2521513.0000000000000, 0.2904059202187
2521565.0000000000000, 1.1867670000000, 38.6158527700000, -89.6391550600000, 2521565.0000000000000, 0.2945548624362
2521617.0000000000000, 1.1707820000000, 38.6158526400000, -89.6391471700000, 2521613.0000000000000, 0.2964957112839
2521665.0000000000000, 1.1226530000000, 38.6158525200000, -89.6391392900000, 2521661.0000000000000, 0.2995301952563
2521717.0000000000000, 1.0965270000000, 38.6158524200000, -89.6391314400000, 2521713.0000000000000, 0.3047311295254
2521765.0000000000000, 1.0872450000000, 38.6158522900000, -89.6391236100000, 2521761.0000000000000, 0.3065470437292
2521845.0000000000000, 1.0775620000000, 38.6158521600000, -89.6391157500000, 2521845.0000000000000, 0.3084254256509
2521917.0000000000000, 1.0873590000000, 38.6158518900000, -89.6391000100000, 2521913.0000000000000, 0.3111093751142
2521965.0000000000000, 1.1097050000000, 38.6158517900000, -89.6390921000000, 2521961.0000000000000, 0.3164352424730
2522025.0000000000000, 1.1431080000000, 38.6158516100000, -89.6390842100000, 2522021.0000000000000, 0.3128038002734
2522065.0000000000000, 1.1518170000000, 38.6158514600000, -89.6390763300000, 2522065.0000000000000, 0.3124949103915
2522117.0000000000000, 1.1898040000000, 38.6158513100000, -89.6390684600000, 2522113.0000000000000, 0.3121651973893
2522165.0000000000000, 1.1829290000000, 38.6158511800000, -89.6390605700000, 2522161.0000000000000, 0.3141060462666
2522217.0000000000000, 1.2033260000000, 38.6158510500000, -89.6390527200000, 2522213.0000000000000, 0.3159636058895
2522265.0000000000000, 1.1943310000000, 38.6158509000000, -89.6390448500000, 2522265.0000000000000, 0.3156338928873
2522317.0000000000000, 1.1918670000000, 38.6158507700000, -89.6390369800000, 2522313.0000000000000, 0.3175330971374
2522365.0000000000000, 1.2143840000000, 38.6158505900000, -89.6390291100000, 2522361.0000000000000, 0.3138600103105
2522417.0000000000000, 1.1997740000000, 38.6158504700000, -89.6390212400000, 2522413.0000000000000, 0.3168736719545
2522465.0000000000000, 1.2224050000000, 38.6158503000000, -89.6390133800000, 2522461.0000000000000, 0.3142942210442
2522517.0000000000000, 1.1906060000000, 38.6158501800000, -89.6390055000000, 2522513.0000000000000, 0.3173287058085
2522565.0000000000000, 1.1887730000000, 38.6158500200000, -89.6389975900000, 2522561.0000000000000, 0.3159678246372
2522617.0000000000000, 1.1868820000000, 38.6158498800000, -89.6389897300000, 2522613.0000000000000, 0.3167317475517
2522665.0000000000000, 1.1747930000000, 38.6158497500000, -89.6389818500000, 2522661.0000000000000, 0.3186517741302
2522717.0000000000000, 1.1723860000000, 38.6158496200000, -89.6389739800000, 2522713.0000000000000, 0.3205509775588
2522765.0000000000000, 1.1623020000000, 38.6158494500000, -89.6389661200000, 2522761.0000000000000, 0.3179715266189
2522817.0000000000000, 1.1590940000000, 38.6158493300000, -89.6389582400000, 2522813.0000000000000, 0.3210060114128
2522885.0000000000000, 1.1485510000000, 38.6158492200000, -89.6389503600000, 2522885.0000000000000, 0.3251549536006
2522917.0000000000000, 1.1406440000000, 38.6158491200000, -89.6389424600000, 2522913.0000000000000, 0.3304599986311
2522965.0000000000000, 1.1686050000000, 38.6158489900000, -89.6389345800000, 2522961.0000000000000, 0.3323800251800
2523017.0000000000000, 1.1726730000000, 38.6158489300000, -89.6389266700000, 2523013.0000000000000, 0.3421637245790
2523065.0000000000000, 1.2008050000000, 38.6158486400000, -89.6389188200000, 2523065.0000000000000, 0.3261899543392
2523117.0000000000000, 1.1957060000000, 38.6158484600000, -89.6389109400000, 2523113.0000000000000, 0.3225376898111
2523165.0000000000000, 1.2019510000000, 38.6158482500000, -89.6389031000000, 2523161.0000000000000, 0.3154587614119
2523217.0000000000000, 1.2087690000000, 38.6158480700000, -89.6388952200000, 2523213.0000000000000, 0.3118064968838
2523265.0000000000000, 1.2079100000000, 38.6158478300000, -89.6388873800000, 2523261.0000000000000, 0.3013841946008
2523317.0000000000000, 1.2387350000000, 38.6158477200000, -89.6388794800000, 2523313.0000000000000, 0.3055747814158
2523365.0000000000000, 1.2338070000000, 38.6158475000000, -89.6388716100000, 2523361.0000000000000, 0.2974438625192
2523417.0000000000000, 1.2430320000000, 38.6158473800000, -89.6388637100000, 2523413.0000000000000, 0.3005199911188
2523517.0000000000000, 1.2361560000000, 38.6158470200000, -89.6388479600000, 2523513.0000000000000, 0.2931946397342
2523565.0000000000000, 1.2514540000000, 38.6158468700000, -89.6388401000000, 2523561.0000000000000, 0.2928441052547
2523617.0000000000000, 1.2286510000000, 38.6158467500000, -89.6388322100000, 2523613.0000000000000, 0.2958994123178
2523665.0000000000000, 1.2422870000000, 38.6158466100000, -89.6388243300000, 2523665.0000000000000, 0.2967049798595
2523717.0000000000000, 1.2173630000000, 38.6158464300000, -89.6388164400000, 2523713.0000000000000, 0.2930735376598
2523765.0000000000000, 1.2229210000000, 38.6158462800000, -89.6388085700000, 2523761.0000000000000, 0.2927438254791
2523817.0000000000000, 1.2101440000000, 38.6158460900000, -89.6388007200000, 2523813.0000000000000, 0.2879146357799
2523865.0000000000000, 1.1802930000000, 38.6158458900000, -89.6387928600000, 2523861.0000000000000, 0.2819918110153
2523917.0000000000000, 1.1774280000000, 38.6158457700000, -89.6387849900000, 2523913.0000000000000, 0.2850054726593
2523965.0000000000000, 1.1494110000000, 38.6158455800000, -89.6387771400000, 2523961.0000000000000, 0.2801762829898
2524017.0000000000000, 1.1243150000000, 38.6158455000000, -89.6387692700000, 2524017.0000000000000, 0.2876477775250
2524125.0000000000000, 1.0749830000000, 38.6158451900000, -89.6387535800000, 2524125.0000000000000, 0.2857697833653
2524165.0000000000000, 1.0996780000000, 38.6158449800000, -89.6387457400000, 2524161.0000000000000, 0.2786908549366
2524217.0000000000000, 1.1051210000000, 38.6158448400000, -89.6387378700000, 2524213.0000000000000, 0.2794756009713
2524277.0000000000000, 1.1225390000000, 38.6158447000000, -89.6387300200000, 2524273.0000000000000, 0.2802187015869
2524317.0000000000000, 1.1337690000000, 38.6158445700000, -89.6387221500000, 2524313.0000000000000, 0.2821179058074
2524365.0000000000000, 1.1467180000000, 38.6158443800000, -89.6387143100000, 2524361.0000000000000, 0.2772678938390
2524417.0000000000000, 1.1533070000000, 38.6158442800000, -89.6387064500000, 2524413.0000000000000, 0.2824896496150
2524477.0000000000000, 1.1598960000000, 38.6158441400000, -89.6386986000000, 2524473.0000000000000, 0.2832327510225
2524517.0000000000000, 1.1717560000000, 38.6158439700000, -89.6386907700000, 2524513.0000000000000, 0.2805908331565
2524565.0000000000000, 1.1745060000000, 38.6158438500000, -89.6386829300000, 2524561.0000000000000, 0.2835420278745
2524617.0000000000000, 1.1948460000000, 38.6158436900000, -89.6386750700000, 2524613.0000000000000, 0.2820770351500
