Latitude, Longitude, Y (Leftward Offset 
38.6159, -89.6423, -246.365
38.6159, -89.6423, -246.26
38.6159, -89.6423, -246.158
38.6159, -89.6423, -246.052
38.6159, -89.6423, -245.947
38.6159, -89.6423, -245.844
38.6159, -89.6423, -245.739
38.6159, -89.6423, -245.633
38.6159, -89.6423, -245.53
38.6159, -89.6422, -245.425
38.6159, -89.6422, -245.319
38.6159, -89.6422, -245.217
38.6159, -89.6422, -245.112
38.6159, -89.6422, -245.006
38.6159, -89.6422, -244.903
38.6159, -89.6422, -244.798
38.6159, -89.6422, -244.693
38.6159, -89.6422, -244.59
38.6159, -89.6422, -244.485
38.6159, -89.6422, -244.38
38.6159, -89.6422, -244.278
38.6159, -89.6422, -244.172
38.6159, -89.6422, -244.067
38.6159, -89.6422, -243.964
38.6159, -89.6422, -243.859
38.6159, -89.6422, -243.754
38.6159, -89.6422, -243.652
38.6159, -89.6422, -243.546
38.6159, -89.6422, -243.441
38.6159, -89.6422, -243.339
38.6159, -89.6422, -243.233
38.6159, -89.6422, -243.128
38.6159, -89.6422, -243.026
38.6159, -89.6422, -242.92
38.6159, -89.6422, -242.815
38.6159, -89.6422, -242.714
38.6159, -89.6422, -242.608
38.6159, -89.6422, -242.503
38.6159, -89.6422, -242.4
38.6159, -89.6422, -242.295
38.6159, -89.6422, -242.19
38.6159, -89.6422, -242.087
38.6159, -89.6422, -241.981
38.6159, -89.6422, -241.877
38.6159, -89.6422, -241.774
38.6159, -89.6422, -241.669
38.6159, -89.6422, -241.564
38.6159, -89.6422, -241.461
38.6159, -89.6422, -241.356
38.6159, -89.6422, -241.25
38.6159, -89.6422, -241.148
38.6159, -89.6422, -241.043
38.6159, -89.6422, -240.937
38.6159, -89.6422, -240.834
38.6159, -89.6422, -240.728
38.6159, -89.6422, -240.624
38.6159, -89.6422, -240.521
38.6159, -89.6422, -240.415
38.6159, -89.6422, -240.31
38.6159, -89.6422, -240.208
38.6159, -89.6422, -240.102
38.6159, -89.6422, -239.997
38.6159, -89.6422, -239.894
38.6159, -89.6422, -239.789
38.6159, -89.6422, -239.684
38.6159, -89.6422, -239.581
38.6159, -89.6422, -239.476
38.6159, -89.6422, -239.371
38.6159, -89.6422, -239.268
38.6159, -89.6422, -239.163
38.6159, -89.6422, -239.058
38.6159, -89.6422, -238.955
38.6159, -89.6422, -238.851
38.6159, -89.6422, -238.746
38.6159, -89.6421, -238.643
38.6159, -89.6421, -238.538
38.6159, -89.6421, -238.433
38.6159, -89.6421, -238.33
38.6159, -89.6421, -238.226
38.6159, -89.6421, -238.121
38.6159, -89.6421, -238.017
38.6159, -89.6421, -237.913
38.6159, -89.6421, -237.808
38.6159, -89.6421, -237.705
38.6159, -89.6421, -237.6
38.6159, -89.6421, -237.495
38.6159, -89.6421, -237.392
38.6159, -89.6421, -237.287
38.6159, -89.6421, -237.182
38.6159, -89.6421, -237.079
38.6159, -89.6421, -236.974
38.6159, -89.6421, -236.869
38.6159, -89.6421, -236.766
38.6159, -89.6421, -236.661
38.6159, -89.6421, -236.556
38.6159, -89.6421, -236.454
38.6159, -89.6421, -236.349
38.6159, -89.6421, -236.244
38.6159, -89.6421, -236.142
38.6159, -89.6421, -236.037
38.6159, -89.6421, -235.932
38.6159, -89.6421, -235.83
38.6159, -89.6421, -235.725
38.6159, -89.6421, -235.62
38.6159, -89.6421, -235.517
38.6159, -89.6421, -235.412
38.6159, -89.6421, -235.308
38.6159, -89.6421, -235.206
38.6159, -89.6421, -235.1
38.6159, -89.6421, -234.995
38.6159, -89.6421, -234.893
38.6159, -89.6421, -234.788
38.6159, -89.6421, -234.683
38.6159, -89.6421, -234.58
38.6159, -89.6421, -234.476
38.6159, -89.6421, -234.371
38.6159, -89.6421, -234.269
38.6159, -89.6421, -234.164
38.6159, -89.6421, -234.059
38.6159, -89.6421, -233.956
38.6159, -89.6421, -233.851
38.6159, -89.6421, -233.746
38.6159, -89.6421, -233.644
38.6159, -89.6421, -233.539
38.6159, -89.6421, -233.434
38.6159, -89.6421, -233.331
38.6159, -89.6421, -233.226
38.6159, -89.6421, -233.122
38.6159, -89.6421, -233.018
38.6159, -89.6421, -232.913
38.6159, -89.6421, -232.808
38.6159, -89.6421, -232.706
38.6159, -89.6421, -232.6
38.6159, -89.6421, -232.495
38.6159, -89.6421, -232.393
38.6159, -89.6421, -232.287
38.6159, -89.6421, -232.182
38.6159, -89.6421, -232.079
38.6159, -89.642, -231.974
38.6159, -89.642, -231.868
38.6159, -89.642, -231.765
38.6159, -89.642, -231.66
38.6159, -89.642, -231.555
38.6159, -89.642, -231.451
38.6159, -89.642, -231.346
38.6159, -89.642, -231.241
38.6159, -89.642, -231.137
38.6159, -89.642, -231.032
38.6159, -89.642, -230.926
38.6159, -89.642, -230.823
38.6159, -89.642, -230.718
38.6159, -89.642, -230.612
38.6159, -89.642, -230.509
38.6159, -89.642, -230.404
38.6159, -89.642, -230.298
38.6159, -89.642, -230.195
38.6159, -89.642, -230.09
38.6159, -89.642, -229.984
38.6159, -89.642, -229.88
38.6159, -89.642, -229.775
38.6159, -89.642, -229.669
38.6159, -89.642, -229.567
38.6159, -89.642, -229.461
38.6159, -89.642, -229.356
38.6159, -89.642, -229.253
38.6159, -89.642, -229.147
38.6159, -89.642, -229.042
38.6159, -89.642, -228.938
38.6159, -89.642, -228.833
38.6159, -89.642, -228.728
38.6159, -89.642, -228.625
38.6159, -89.642, -228.519
38.6159, -89.642, -228.414
38.6159, -89.642, -228.31
38.6159, -89.642, -228.205
38.6159, -89.642, -228.1
38.6159, -89.642, -227.997
38.6159, -89.642, -227.891
38.6159, -89.642, -227.786
38.6159, -89.642, -227.682
38.6159, -89.642, -227.577
38.6159, -89.642, -227.472
38.6159, -89.642, -227.369
38.6159, -89.642, -227.264
38.6159, -89.642, -227.159
38.6159, -89.642, -227.056
38.6159, -89.642, -226.95
38.6159, -89.642, -226.846
38.6159, -89.642, -226.742
38.6159, -89.642, -226.637
38.6159, -89.642, -226.532
38.6159, -89.642, -226.429
38.6159, -89.642, -226.323
38.6159, -89.642, -226.218
38.6159, -89.642, -226.115
38.6159, -89.642, -226.01
38.6159, -89.642, -225.905
38.6159, -89.642, -225.801
38.6159, -89.642, -225.696
38.6159, -89.642, -225.59
38.6159, -89.642, -225.487
38.6159, -89.642, -225.382
38.6159, -89.6419, -225.277
38.6159, -89.6419, -225.172
38.6159, -89.6419, -225.067
38.6159, -89.6419, -224.962
38.6159, -89.6419, -224.859
38.6159, -89.6419, -224.753
38.6159, -89.6419, -224.647
38.6159, -89.6419, -224.544
38.6159, -89.6419, -224.438
38.6159, -89.6419, -224.332
38.6159, -89.6419, -224.229
38.6159, -89.6419, -224.124
38.6159, -89.6419, -224.019
38.6159, -89.6419, -223.916
38.6159, -89.6419, -223.81
38.6159, -89.6419, -223.704
38.6159, -89.6419, -223.601
38.6159, -89.6419, -223.496
38.6159, -89.6419, -223.391
38.6159, -89.6419, -223.287
38.6159, -89.6419, -223.181
38.6159, -89.6419, -223.076
38.6159, -89.6419, -222.972
38.6159, -89.6419, -222.866
38.6159, -89.6419, -222.76
38.6159, -89.6419, -222.658
38.6159, -89.6419, -222.552
38.6159, -89.6419, -222.446
38.6159, -89.6419, -222.342
38.6159, -89.6419, -222.237
38.6159, -89.6419, -222.131
38.6159, -89.6419, -222.027
38.6159, -89.6419, -221.921
38.6159, -89.6419, -221.815
38.6159, -89.6419, -221.71
38.6159, -89.6419, -221.605
38.6159, -89.6419, -221.5
38.6159, -89.6419, -221.395
38.6159, -89.6419, -221.29
38.6159, -89.6419, -221.183
38.6159, -89.6419, -221.079
38.6159, -89.6419, -220.973
38.6159, -89.6419, -220.867
38.6159, -89.6419, -220.763
38.6159, -89.6419, -220.657
38.6159, -89.6419, -220.551
38.6159, -89.6419, -220.447
38.6159, -89.6419, -220.341
38.6159, -89.6419, -220.235
38.6159, -89.6419, -220.132
38.6159, -89.6419, -220.026
38.6159, -89.6419, -219.92
38.6159, -89.6419, -219.815
38.6159, -89.6419, -219.71
38.6159, -89.6419, -219.604
38.6159, -89.6419, -219.5
38.6159, -89.6419, -219.394
38.6159, -89.6419, -219.287
38.6159, -89.6419, -219.185
38.6159, -89.6419, -219.077
38.6159, -89.6419, -218.972
38.6159, -89.6419, -218.869
38.6159, -89.6419, -218.762
38.6159, -89.6419, -218.656
38.6159, -89.6418, -218.553
38.6159, -89.6418, -218.447
38.6159, -89.6418, -218.341
38.6159, -89.6418, -218.237
38.6159, -89.6418, -218.131
38.6159, -89.6418, -218.025
38.6159, -89.6418, -217.921
38.6159, -89.6418, -217.815
38.6159, -89.6418, -217.708
38.6159, -89.6418, -217.604
38.6159, -89.6418, -217.498
38.6159, -89.6418, -217.392
38.6159, -89.6418, -217.287
38.6159, -89.6418, -217.181
38.6159, -89.6418, -217.075
38.6159, -89.6418, -216.97
38.6159, -89.6418, -216.864
38.6159, -89.6418, -216.758
38.6159, -89.6418, -216.653
38.6159, -89.6418, -216.548
38.6159, -89.6418, -216.441
38.6159, -89.6418, -216.336
38.6159, -89.6418, -216.23
38.6159, -89.6418, -216.125
38.6159, -89.6418, -216.019
38.6159, -89.6418, -215.913
38.6159, -89.6418, -215.807
38.6159, -89.6418, -215.701
38.6159, -89.6418, -215.596
38.6159, -89.6418, -215.489
38.6159, -89.6418, -215.383
38.6159, -89.6418, -215.278
38.6159, -89.6418, -215.171
38.6159, -89.6418, -215.066
38.6159, -89.6418, -214.96
38.6159, -89.6418, -214.854
38.6159, -89.6418, -214.748
38.6159, -89.6418, -214.641
38.6159, -89.6418, -214.536
38.6159, -89.6418, -214.43
38.6159, -89.6418, -214.324
38.6159, -89.6418, -214.218
38.6159, -89.6418, -214.112
38.6159, -89.6418, -214.006
38.6159, -89.6418, -213.899
38.6159, -89.6418, -213.794
38.6159, -89.6418, -213.687
38.6159, -89.6418, -213.581
38.6159, -89.6418, -213.475
38.6159, -89.6418, -213.368
38.6159, -89.6418, -213.263
38.6159, -89.6418, -213.157
38.6159, -89.6418, -213.05
38.6159, -89.6418, -212.943
38.6159, -89.6418, -212.838
38.6159, -89.6418, -212.732
38.6159, -89.6418, -212.625
38.6159, -89.6418, -212.519
38.6159, -89.6418, -212.413
38.6159, -89.6418, -212.306
38.6159, -89.6418, -212.201
38.6159, -89.6418, -212.094
38.6159, -89.6418, -211.988
38.6159, -89.6418, -211.882
38.6159, -89.6417, -211.776
38.6159, -89.6417, -211.669
38.6159, -89.6417, -211.563
38.6159, -89.6417, -211.457
38.6159, -89.6417, -211.351
38.6159, -89.6417, -211.245
38.6159, -89.6417, -211.139
38.6159, -89.6417, -211.033
38.6159, -89.6417, -210.927
38.6159, -89.6417, -210.821
38.6159, -89.6417, -210.715
38.6159, -89.6417, -210.609
38.6159, -89.6417, -210.503
38.6159, -89.6417, -210.396
38.6159, -89.6417, -210.292
38.6159, -89.6417, -210.186
38.6159, -89.6417, -210.079
38.6159, -89.6417, -209.974
38.6159, -89.6417, -209.868
38.6159, -89.6417, -209.762
38.6159, -89.6417, -209.657
38.6159, -89.6417, -209.551
38.6159, -89.6417, -209.445
38.6159, -89.6417, -209.341
38.6159, -89.6417, -209.234
38.6159, -89.6417, -209.129
38.6159, -89.6417, -209.024
38.6159, -89.6417, -208.918
38.6159, -89.6417, -208.811
38.6159, -89.6417, -208.707
38.6159, -89.6417, -208.601
38.6159, -89.6417, -208.495
38.6159, -89.6417, -208.39
38.6159, -89.6417, -208.284
38.6159, -89.6417, -208.178
38.6159, -89.6417, -208.074
38.6159, -89.6417, -207.968
38.6159, -89.6417, -207.862
38.6159, -89.6417, -207.757
38.6159, -89.6417, -207.652
38.6159, -89.6417, -207.545
38.6159, -89.6417, -207.441
38.6159, -89.6417, -207.334
38.6159, -89.6417, -207.229
38.6159, -89.6417, -207.125
38.6159, -89.6417, -207.019
38.6159, -89.6417, -206.912
38.6159, -89.6417, -206.808
38.6159, -89.6417, -206.702
38.6159, -89.6417, -206.597
38.6159, -89.6417, -206.492
38.6159, -89.6417, -206.387
38.6159, -89.6417, -206.28
38.6159, -89.6417, -206.176
38.6159, -89.6417, -206.07
38.6159, -89.6417, -205.964
38.6159, -89.6417, -205.859
38.6159, -89.6417, -205.754
38.6159, -89.6417, -205.648
38.6159, -89.6417, -205.544
38.6159, -89.6417, -205.437
38.6159, -89.6417, -205.332
38.6159, -89.6417, -205.228
38.6159, -89.6417, -205.122
38.6159, -89.6416, -205.016
38.6159, -89.6416, -204.912
38.6159, -89.6416, -204.805
38.6159, -89.6416, -204.7
38.6159, -89.6416, -204.596
38.6159, -89.6416, -204.489
38.6159, -89.6416, -204.383
38.6159, -89.6416, -204.279
38.6159, -89.6416, -204.173
38.6159, -89.6416, -204.067
38.6159, -89.6416, -203.964
38.6159, -89.6416, -203.857
38.6159, -89.6416, -203.751
38.6159, -89.6416, -203.647
38.6159, -89.6416, -203.542
38.6159, -89.6416, -203.435
38.6159, -89.6416, -203.331
38.6159, -89.6416, -203.225
38.6159, -89.6416, -203.119
38.6159, -89.6416, -203.015
38.6159, -89.6416, -202.909
38.6159, -89.6416, -202.804
38.6159, -89.6416, -202.699
38.6159, -89.6416, -202.593
38.6159, -89.6416, -202.487
38.6159, -89.6416, -202.382
38.6159, -89.6416, -202.277
38.6159, -89.6416, -202.171
38.6159, -89.6416, -202.067
38.6159, -89.6416, -201.96
38.6159, -89.6416, -201.854
38.6159, -89.6416, -201.75
38.6159, -89.6416, -201.644
38.6159, -89.6416, -201.538
38.6159, -89.6416, -201.434
38.6159, -89.6416, -201.328
38.6159, -89.6416, -201.222
38.6159, -89.6416, -201.119
38.6159, -89.6416, -201.012
38.6159, -89.6416, -200.906
38.6159, -89.6416, -200.802
38.6159, -89.6416, -200.696
38.6159, -89.6416, -200.59
38.6159, -89.6416, -200.486
38.6159, -89.6416, -200.379
38.6159, -89.6416, -200.273
38.6159, -89.6416, -200.169
38.6159, -89.6416, -200.062
38.6159, -89.6416, -199.956
38.6159, -89.6416, -199.852
38.6159, -89.6416, -199.746
38.6159, -89.6416, -199.64
38.6159, -89.6416, -199.535
38.6159, -89.6416, -199.429
38.6159, -89.6416, -199.322
38.6159, -89.6416, -199.217
38.6159, -89.6416, -199.111
38.6159, -89.6416, -199.006
38.6159, -89.6416, -198.9
38.6159, -89.6416, -198.795
38.6159, -89.6416, -198.688
38.6159, -89.6416, -198.584
38.6159, -89.6416, -198.478
38.6159, -89.6415, -198.371
38.6159, -89.6415, -198.267
38.6159, -89.6415, -198.16
38.6159, -89.6415, -198.054
38.6159, -89.6415, -197.949
38.6159, -89.6415, -197.843
38.6159, -89.6415, -197.738
38.6159, -89.6415, -197.633
38.6159, -89.6415, -197.526
38.6159, -89.6415, -197.42
38.6159, -89.6415, -197.315
38.6159, -89.6415, -197.208
38.6159, -89.6415, -197.103
38.6159, -89.6415, -196.997
38.6159, -89.6415, -196.891
38.6159, -89.6415, -196.784
38.6159, -89.6415, -196.68
38.6159, -89.6415, -196.574
38.6159, -89.6415, -196.467
38.6159, -89.6415, -196.363
38.6159, -89.6415, -196.256
38.6159, -89.6415, -196.15
38.6159, -89.6415, -196.045
38.6159, -89.6415, -195.939
38.6159, -89.6415, -195.833
38.6159, -89.6415, -195.729
38.6159, -89.6415, -195.622
38.6159, -89.6415, -195.517
38.6159, -89.6415, -195.412
38.6159, -89.6415, -195.305
38.6159, -89.6415, -195.199
38.6159, -89.6415, -195.095
38.6159, -89.6415, -194.989
38.6159, -89.6415, -194.883
38.6159, -89.6415, -194.779
38.6159, -89.6415, -194.673
38.6159, -89.6415, -194.567
38.6159, -89.6415, -194.463
38.6159, -89.6415, -194.357
38.6159, -89.6415, -194.25
38.6159, -89.6415, -194.147
38.6159, -89.6415, -194.04
38.6159, -89.6415, -193.934
38.6159, -89.6415, -193.83
38.6159, -89.6415, -193.724
38.6159, -89.6415, -193.617
38.6159, -89.6415, -193.514
38.6159, -89.6415, -193.407
38.6159, -89.6415, -193.3
38.6159, -89.6415, -193.197
38.6159, -89.6415, -193.09
38.6159, -89.6415, -192.984
38.6159, -89.6415, -192.88
38.6159, -89.6415, -192.774
38.6159, -89.6415, -192.667
38.6159, -89.6415, -192.563
38.6159, -89.6415, -192.457
38.6159, -89.6415, -192.351
38.6159, -89.6415, -192.247
38.6159, -89.6415, -192.14
38.6159, -89.6415, -192.034
38.6159, -89.6415, -191.93
38.6159, -89.6415, -191.823
38.6159, -89.6415, -191.718
38.6159, -89.6414, -191.612
38.6159, -89.6414, -191.505
38.6159, -89.6414, -191.4
38.6159, -89.6414, -191.294
38.6159, -89.6414, -191.188
38.6159, -89.6414, -191.081
38.6159, -89.6414, -190.977
38.6159, -89.6414, -190.87
38.6159, -89.6414, -190.764
38.6159, -89.6414, -190.658
38.6159, -89.6414, -190.552
38.6159, -89.6414, -190.446
38.6159, -89.6414, -190.341
38.6159, -89.6414, -190.235
38.6159, -89.6414, -190.128
38.6159, -89.6414, -190.022
38.6159, -89.6414, -189.916
38.6159, -89.6414, -189.811
38.6159, -89.6414, -189.705
38.6159, -89.6414, -189.599
38.6159, -89.6414, -189.493
38.6159, -89.6414, -189.389
38.6159, -89.6414, -189.282
38.6159, -89.6414, -189.176
38.6159, -89.6414, -189.072
38.6159, -89.6414, -188.965
38.6159, -89.6414, -188.859
38.6159, -89.6414, -188.754
38.6159, -89.6414, -188.649
38.6159, -89.6414, -188.543
38.6159, -89.6414, -188.438
38.6159, -89.6414, -188.332
38.6159, -89.6414, -188.226
38.6159, -89.6414, -188.122
38.6159, -89.6414, -188.016
38.6159, -89.6414, -187.91
38.6159, -89.6414, -187.806
38.6159, -89.6414, -187.7
38.6159, -89.6414, -187.594
38.6159, -89.6414, -187.489
38.6159, -89.6414, -187.384
38.6159, -89.6414, -187.278
38.6159, -89.6414, -187.174
38.6159, -89.6414, -187.068
38.6159, -89.6414, -186.962
38.6159, -89.6414, -186.859
38.6159, -89.6414, -186.753
38.6159, -89.6414, -186.647
38.6159, -89.6414, -186.543
38.6159, -89.6414, -186.437
38.6159, -89.6414, -186.331
38.6159, -89.6414, -186.228
38.6159, -89.6414, -186.122
38.6159, -89.6414, -186.017
38.6159, -89.6414, -185.913
38.6159, -89.6414, -185.807
38.6159, -89.6414, -185.702
38.6159, -89.6414, -185.598
38.6159, -89.6414, -185.492
38.6159, -89.6414, -185.386
38.6159, -89.6414, -185.282
38.6159, -89.6414, -185.176
38.6159, -89.6414, -185.071
38.6159, -89.6414, -184.967
38.6159, -89.6413, -184.861
38.6159, -89.6413, -184.756
38.6159, -89.6413, -184.652
38.6159, -89.6413, -184.546
38.6159, -89.6413, -184.44
38.6159, -89.6413, -184.336
38.6159, -89.6413, -184.23
38.6159, -89.6413, -184.125
38.6159, -89.6413, -184.021
38.6159, -89.6413, -183.915
38.6159, -89.6413, -183.809
38.6159, -89.6413, -183.706
38.6159, -89.6413, -183.6
38.6159, -89.6413, -183.494
38.6159, -89.6413, -183.391
38.6159, -89.6413, -183.285
38.6159, -89.6413, -183.179
38.6159, -89.6413, -183.075
38.6159, -89.6413, -182.97
38.6159, -89.6413, -182.865
38.6159, -89.6413, -182.761
38.6159, -89.6413, -182.655
38.6159, -89.6413, -182.55
38.6159, -89.6413, -182.446
38.6159, -89.6413, -182.341
38.6159, -89.6413, -182.236
38.6159, -89.6413, -182.132
38.6159, -89.6413, -182.027
38.6159, -89.6413, -181.922
38.6159, -89.6413, -181.818
38.6159, -89.6413, -181.713
38.6159, -89.6413, -181.607
38.6159, -89.6413, -181.504
38.6159, -89.6413, -181.398
38.6159, -89.6413, -181.292
38.6159, -89.6413, -181.189
38.6159, -89.6413, -181.084
38.6159, -89.6413, -180.979
38.6159, -89.6413, -180.875
38.6159, -89.6413, -180.77
38.6159, -89.6413, -180.664
38.6159, -89.6413, -180.561
38.6159, -89.6413, -180.456
38.6159, -89.6413, -180.35
38.6159, -89.6413, -180.247
38.6159, -89.6413, -180.141
38.6159, -89.6413, -180.036
38.6159, -89.6413, -179.933
38.6159, -89.6413, -179.828
38.6159, -89.6413, -179.723
38.6159, -89.6413, -179.62
38.6159, -89.6413, -179.515
38.6159, -89.6413, -179.41
38.6159, -89.6413, -179.307
38.6159, -89.6413, -179.202
38.6159, -89.6413, -179.096
38.6159, -89.6413, -178.993
38.6159, -89.6413, -178.888
38.6159, -89.6413, -178.782
38.6159, -89.6413, -178.68
38.6159, -89.6413, -178.574
38.6159, -89.6413, -178.469
38.6159, -89.6413, -178.366
38.6159, -89.6413, -178.261
38.6159, -89.6412, -178.156
38.6159, -89.6412, -178.052
38.6159, -89.6412, -177.946
38.6159, -89.6412, -177.841
38.6159, -89.6412, -177.738
38.6159, -89.6412, -177.632
38.6159, -89.6412, -177.528
38.6159, -89.6412, -177.423
38.6159, -89.6412, -177.318
38.6159, -89.6412, -177.213
38.6159, -89.6412, -177.109
38.6159, -89.6412, -177.004
38.6159, -89.6412, -176.898
38.6159, -89.6412, -176.795
38.6159, -89.6412, -176.69
38.6159, -89.6412, -176.585
38.6159, -89.6412, -176.482
38.6159, -89.6412, -176.376
38.6159, -89.6412, -176.27
38.6159, -89.6412, -176.167
38.6159, -89.6412, -176.061
38.6159, -89.6412, -175.956
38.6159, -89.6412, -175.854
38.6159, -89.6412, -175.748
38.6159, -89.6412, -175.642
38.6159, -89.6412, -175.54
38.6159, -89.6412, -175.435
38.6159, -89.6412, -175.329
38.6159, -89.6412, -175.227
38.6159, -89.6412, -175.121
38.6159, -89.6412, -175.016
38.6159, -89.6412, -174.913
38.6159, -89.6412, -174.807
38.6159, -89.6412, -174.702
38.6159, -89.6412, -174.6
38.6159, -89.6412, -174.495
38.6159, -89.6412, -174.389
38.6159, -89.6412, -174.286
38.6159, -89.6412, -174.181
38.6159, -89.6412, -174.075
38.6159, -89.6412, -173.972
38.6159, -89.6412, -173.867
38.6159, -89.6412, -173.761
38.6159, -89.6412, -173.659
38.6159, -89.6412, -173.553
38.6159, -89.6412, -173.448
38.6159, -89.6412, -173.345
38.6159, -89.6412, -173.241
38.6159, -89.6412, -173.135
38.6159, -89.6412, -173.032
38.6159, -89.6412, -172.927
38.6159, -89.6412, -172.821
38.6159, -89.6412, -172.718
38.6159, -89.6412, -172.612
38.6159, -89.6412, -172.507
38.6159, -89.6412, -172.403
38.6159, -89.6412, -172.298
38.6159, -89.6412, -172.193
38.6159, -89.6412, -172.089
38.6159, -89.6412, -171.984
38.6159, -89.6412, -171.879
38.6159, -89.6412, -171.775
38.6159, -89.6412, -171.67
38.6159, -89.6412, -171.564
38.6159, -89.6412, -171.461
38.6159, -89.6411, -171.356
38.6159, -89.6411, -171.25
38.6159, -89.6411, -171.147
38.6159, -89.6411, -171.041
38.6159, -89.6411, -170.936
38.6159, -89.6411, -170.833
38.6159, -89.6411, -170.727
38.6159, -89.6411, -170.622
38.6159, -89.6411, -170.518
38.6159, -89.6411, -170.413
38.6159, -89.6411, -170.308
38.6159, -89.6411, -170.204
38.6159, -89.6411, -170.098
38.6159, -89.6411, -169.993
38.6159, -89.6411, -169.889
38.6159, -89.6411, -169.783
38.6159, -89.6411, -169.679
38.6159, -89.6411, -169.575
38.6159, -89.6411, -169.469
38.6159, -89.6411, -169.364
38.6159, -89.6411, -169.26
38.6159, -89.6411, -169.154
38.6159, -89.6411, -169.048
38.6159, -89.6411, -168.945
38.6159, -89.6411, -168.839
38.6159, -89.6411, -168.734
38.6159, -89.6411, -168.629
38.6159, -89.6411, -168.523
38.6159, -89.6411, -168.417
38.6159, -89.6411, -168.314
38.6159, -89.6411, -168.208
38.6159, -89.6411, -168.102
38.6159, -89.6411, -167.999
38.6159, -89.6411, -167.893
38.6159, -89.6411, -167.787
38.6159, -89.6411, -167.682
38.6159, -89.6411, -167.576
38.6159, -89.6411, -167.471
38.6159, -89.6411, -167.366
38.6159, -89.6411, -167.26
38.6159, -89.6411, -167.155
38.6159, -89.6411, -167.049
38.6159, -89.6411, -166.944
38.6159, -89.6411, -166.839
38.6159, -89.6411, -166.734
38.6159, -89.6411, -166.628
38.6159, -89.6411, -166.522
38.6159, -89.6411, -166.417
38.6159, -89.6411, -166.311
38.6159, -89.6411, -166.205
38.6159, -89.6411, -166.1
38.6159, -89.6411, -165.995
38.6159, -89.6411, -165.889
38.6159, -89.6411, -165.784
38.6159, -89.6411, -165.678
38.6159, -89.6411, -165.572
38.6159, -89.6411, -165.467
38.6159, -89.6411, -165.362
38.6159, -89.6411, -165.256
38.6159, -89.6411, -165.151
38.6159, -89.6411, -165.045
38.6159, -89.6411, -164.94
38.6159, -89.6411, -164.835
38.6159, -89.6411, -164.729
38.6159, -89.641, -164.623
38.6159, -89.641, -164.517
38.6159, -89.641, -164.412
38.6159, -89.641, -164.306
38.6159, -89.641, -164.2
38.6159, -89.641, -164.095
38.6159, -89.641, -163.99
38.6159, -89.641, -163.884
38.6159, -89.641, -163.778
38.6159, -89.641, -163.673
38.6159, -89.641, -163.568
38.6159, -89.641, -163.462
38.6159, -89.641, -163.356
38.6159, -89.641, -163.251
38.6159, -89.641, -163.145
38.6159, -89.641, -163.039
38.6159, -89.641, -162.935
38.6159, -89.641, -162.829
38.6159, -89.641, -162.723
38.6159, -89.641, -162.618
38.6159, -89.641, -162.513
38.6159, -89.641, -162.407
38.6159, -89.641, -162.302
38.6159, -89.641, -162.196
38.6159, -89.641, -162.091
38.6159, -89.641, -161.985
38.6159, -89.641, -161.88
38.6159, -89.641, -161.774
38.6159, -89.641, -161.669
38.6159, -89.641, -161.563
38.6159, -89.641, -161.458
38.6159, -89.641, -161.353
38.6159, -89.641, -161.247
38.6159, -89.641, -161.142
38.6159, -89.641, -161.038
38.6159, -89.641, -160.932
38.6159, -89.641, -160.826
38.6159, -89.641, -160.721
38.6159, -89.641, -160.616
38.6159, -89.641, -160.51
38.6159, -89.641, -160.405
38.6159, -89.641, -160.3
38.6159, -89.641, -160.194
38.6159, -89.641, -160.09
38.6159, -89.641, -159.984
38.6159, -89.641, -159.879
38.6159, -89.641, -159.774
38.6159, -89.641, -159.668
38.6159, -89.641, -159.563
38.6159, -89.641, -159.459
38.6159, -89.641, -159.353
38.6159, -89.641, -159.247
38.6159, -89.641, -159.143
38.6159, -89.641, -159.037
38.6159, -89.641, -158.932
38.6159, -89.641, -158.828
38.6159, -89.641, -158.722
38.6159, -89.641, -158.616
38.6159, -89.641, -158.512
38.6159, -89.641, -158.406
38.6159, -89.641, -158.3
38.6159, -89.641, -158.196
38.6159, -89.641, -158.09
38.6159, -89.641, -157.985
38.6159, -89.6409, -157.88
38.6159, -89.6409, -157.775
38.6159, -89.6409, -157.668
38.6159, -89.6409, -157.565
38.6159, -89.6409, -157.458
38.6159, -89.6409, -157.353
38.6159, -89.6409, -157.248
38.6159, -89.6409, -157.143
38.6159, -89.6409, -157.037
38.6159, -89.6409, -156.933
38.6159, -89.6409, -156.827
38.6159, -89.6409, -156.72
38.6159, -89.6409, -156.617
38.6159, -89.6409, -156.511
38.6159, -89.6409, -156.405
38.6159, -89.6409, -156.3
38.6159, -89.6409, -156.194
38.6159, -89.6409, -156.088
38.6159, -89.6409, -155.984
38.6159, -89.6409, -155.878
38.6159, -89.6409, -155.771
38.6159, -89.6409, -155.667
38.6159, -89.6409, -155.56
38.6159, -89.6409, -155.454
38.6159, -89.6409, -155.35
38.6159, -89.6409, -155.243
38.6159, -89.6409, -155.137
38.6159, -89.6409, -155.033
38.6159, -89.6409, -154.926
38.6159, -89.6409, -154.821
38.6159, -89.6409, -154.715
38.6159, -89.6409, -154.61
38.6159, -89.6409, -154.503
38.6159, -89.6409, -154.398
38.6159, -89.6409, -154.293
38.6159, -89.6409, -154.186
38.6159, -89.6409, -154.082
38.6159, -89.6409, -153.976
38.6159, -89.6409, -153.87
38.6159, -89.6409, -153.765
38.6159, -89.6409, -153.659
38.6159, -89.6409, -153.553
38.6159, -89.6409, -153.448
38.6159, -89.6409, -153.342
38.6159, -89.6409, -153.236
38.6159, -89.6409, -153.131
38.6159, -89.6409, -153.025
38.6159, -89.6409, -152.919
38.6159, -89.6409, -152.814
38.6159, -89.6409, -152.708
38.6159, -89.6409, -152.601
38.6159, -89.6409, -152.497
38.6159, -89.6409, -152.391
38.6159, -89.6409, -152.284
38.6159, -89.6409, -152.179
38.6159, -89.6409, -152.074
38.6159, -89.6409, -151.967
38.6159, -89.6409, -151.863
38.6159, -89.6409, -151.757
38.6159, -89.6409, -151.65
38.6159, -89.6409, -151.545
38.6159, -89.6409, -151.439
38.6159, -89.6409, -151.333
38.6159, -89.6409, -151.228
38.6159, -89.6408, -151.122
38.6159, -89.6408, -151.016
38.6159, -89.6408, -150.911
38.6159, -89.6408, -150.805
38.6159, -89.6408, -150.698
38.6159, -89.6408, -150.593
38.6159, -89.6408, -150.487
38.6159, -89.6408, -150.381
38.6159, -89.6408, -150.275
38.6159, -89.6408, -150.169
38.6159, -89.6408, -150.063
38.6159, -89.6408, -149.957
38.6159, -89.6408, -149.851
38.6159, -89.6408, -149.746
38.6159, -89.6408, -149.639
38.6159, -89.6408, -149.533
38.6159, -89.6408, -149.427
38.6159, -89.6408, -149.321
38.6159, -89.6408, -149.215
38.6159, -89.6408, -149.109
38.6159, -89.6408, -149.004
38.6159, -89.6408, -148.897
38.6159, -89.6408, -148.791
38.6159, -89.6408, -148.686
38.6159, -89.6408, -148.579
38.6159, -89.6408, -148.473
38.6159, -89.6408, -148.367
38.6159, -89.6408, -148.261
38.6159, -89.6408, -148.155
38.6159, -89.6408, -148.05
38.6159, -89.6408, -147.943
38.6159, -89.6408, -147.837
38.6159, -89.6408, -147.732
38.6159, -89.6408, -147.625
38.6159, -89.6408, -147.519
38.6159, -89.6408, -147.414
38.6159, -89.6408, -147.308
38.6159, -89.6408, -147.201
38.6159, -89.6408, -147.095
38.6159, -89.6408, -146.99
38.6159, -89.6408, -146.883
38.6159, -89.6408, -146.778
38.6159, -89.6408, -146.671
38.6159, -89.6408, -146.565
38.6159, -89.6408, -146.459
38.6159, -89.6408, -146.353
38.6159, -89.6408, -146.246
38.6159, -89.6408, -146.141
38.6159, -89.6408, -146.034
38.6159, -89.6408, -145.929
38.6159, -89.6408, -145.822
38.6159, -89.6408, -145.717
38.6159, -89.6408, -145.609
38.6159, -89.6408, -145.504
38.6159, -89.6408, -145.397
38.6159, -89.6408, -145.292
38.6159, -89.6408, -145.185
38.6159, -89.6408, -145.078
38.6159, -89.6408, -144.973
38.6159, -89.6408, -144.866
38.6159, -89.6408, -144.759
38.6159, -89.6408, -144.653
38.6159, -89.6408, -144.547
38.6159, -89.6407, -144.441
38.6159, -89.6407, -144.334
38.6159, -89.6407, -144.228
38.6159, -89.6407, -144.122
38.6159, -89.6407, -144.015
38.6159, -89.6407, -143.909
38.6159, -89.6407, -143.803
38.6159, -89.6407, -143.697
38.6159, -89.6407, -143.59
38.6159, -89.6407, -143.484
38.6159, -89.6407, -143.377
38.6159, -89.6407, -143.272
38.6159, -89.6407, -143.166
38.6159, -89.6407, -143.059
38.6159, -89.6407, -142.954
38.6159, -89.6407, -142.848
38.6159, -89.6407, -142.742
38.6159, -89.6407, -142.636
38.6159, -89.6407, -142.529
38.6159, -89.6407, -142.423
38.6159, -89.6407, -142.318
38.6159, -89.6407, -142.212
38.6159, -89.6407, -142.106
38.6159, -89.6407, -142
38.6159, -89.6407, -141.893
38.6159, -89.6407, -141.788
38.6159, -89.6407, -141.683
38.6159, -89.6407, -141.576
38.6159, -89.6407, -141.47
38.6159, -89.6407, -141.365
38.6159, -89.6407, -141.259
38.6159, -89.6407, -141.153
38.6159, -89.6407, -141.048
38.6159, -89.6407, -140.941
38.6159, -89.6407, -140.835
38.6159, -89.6407, -140.731
38.6159, -89.6407, -140.624
38.6159, -89.6407, -140.518
38.6159, -89.6407, -140.414
38.6159, -89.6407, -140.307
38.6159, -89.6407, -140.201
38.6159, -89.6407, -140.097
38.6159, -89.6407, -139.99
38.6159, -89.6407, -139.884
38.6159, -89.6407, -139.779
38.6159, -89.6407, -139.673
38.6159, -89.6407, -139.567
38.6159, -89.6407, -139.462
38.6159, -89.6407, -139.356
38.6159, -89.6407, -139.25
38.6159, -89.6407, -139.145
38.6159, -89.6407, -139.038
38.6159, -89.6407, -138.932
38.6159, -89.6407, -138.827
38.6159, -89.6407, -138.722
38.6159, -89.6407, -138.615
38.6159, -89.6407, -138.511
38.6159, -89.6407, -138.405
38.6159, -89.6407, -138.299
38.6159, -89.6407, -138.195
38.6159, -89.6407, -138.088
38.6159, -89.6407, -137.982
38.6159, -89.6407, -137.877
38.6159, -89.6407, -137.771
38.6159, -89.6406, -137.665
38.6159, -89.6406, -137.56
38.6159, -89.6406, -137.453
38.6159, -89.6406, -137.347
38.6159, -89.6406, -137.242
38.6159, -89.6406, -137.136
38.6159, -89.6406, -137.03
38.6159, -89.6406, -136.924
38.6159, -89.6406, -136.818
38.6159, -89.6406, -136.712
38.6159, -89.6406, -136.606
38.6159, -89.6406, -136.501
38.6159, -89.6406, -136.394
38.6159, -89.6406, -136.289
38.6159, -89.6406, -136.183
38.6159, -89.6406, -136.077
38.6159, -89.6406, -135.972
38.6159, -89.6406, -135.865
38.6159, -89.6406, -135.758
38.6159, -89.6406, -135.654
38.6159, -89.6406, -135.547
38.6159, -89.6406, -135.44
38.6159, -89.6406, -135.336
38.6159, -89.6406, -135.229
38.6159, -89.6406, -135.122
38.6159, -89.6406, -135.017
38.6159, -89.6406, -134.911
38.6159, -89.6406, -134.805
38.6159, -89.6406, -134.698
38.6159, -89.6406, -134.593
38.6159, -89.6406, -134.486
38.6159, -89.6406, -134.38
38.6159, -89.6406, -134.274
38.6159, -89.6406, -134.168
38.6159, -89.6406, -134.061
38.6159, -89.6406, -133.956
38.6159, -89.6406, -133.849
38.6159, -89.6406, -133.743
38.6159, -89.6406, -133.637
38.6159, -89.6406, -133.531
38.6159, -89.6406, -133.424
38.6159, -89.6406, -133.318
38.6159, -89.6406, -133.212
38.6159, -89.6406, -133.106
38.6159, -89.6406, -133
38.6159, -89.6406, -132.893
38.6159, -89.6406, -132.787
38.6159, -89.6406, -132.681
38.6159, -89.6406, -132.575
38.6159, -89.6406, -132.468
38.6159, -89.6406, -132.362
38.6159, -89.6406, -132.256
38.6159, -89.6406, -132.149
38.6159, -89.6406, -132.043
38.6159, -89.6406, -131.936
38.6159, -89.6406, -131.83
38.6159, -89.6406, -131.724
38.6159, -89.6406, -131.617
38.6159, -89.6406, -131.511
38.6159, -89.6406, -131.404
38.6159, -89.6406, -131.298
38.6159, -89.6406, -131.191
38.6159, -89.6406, -131.085
38.6159, -89.6405, -130.978
38.6159, -89.6405, -130.872
38.6159, -89.6405, -130.765
38.6159, -89.6405, -130.659
38.6159, -89.6405, -130.553
38.6159, -89.6405, -130.447
38.6159, -89.6405, -130.34
38.6159, -89.6405, -130.235
38.6159, -89.6405, -130.128
38.6159, -89.6405, -130.021
38.6159, -89.6405, -129.916
38.6159, -89.6405, -129.809
38.6159, -89.6405, -129.702
38.6159, -89.6405, -129.597
38.6159, -89.6405, -129.49
38.6159, -89.6405, -129.383
38.6159, -89.6405, -129.278
38.6159, -89.6405, -129.171
38.6159, -89.6405, -129.065
38.6159, -89.6405, -128.959
38.6159, -89.6405, -128.852
38.6159, -89.6405, -128.745
38.6159, -89.6405, -128.64
38.6159, -89.6405, -128.533
38.6159, -89.6405, -128.427
38.6159, -89.6405, -128.321
38.6159, -89.6405, -128.214
38.6159, -89.6405, -128.108
38.6159, -89.6405, -128.002
38.6159, -89.6405, -127.896
38.6159, -89.6405, -127.789
38.6159, -89.6405, -127.684
38.6159, -89.6405, -127.577
38.6159, -89.6405, -127.47
38.6159, -89.6405, -127.365
38.6159, -89.6405, -127.258
38.6159, -89.6405, -127.151
38.6159, -89.6405, -127.046
38.6159, -89.6405, -126.94
38.6159, -89.6405, -126.833
38.6159, -89.6405, -126.728
38.6159, -89.6405, -126.62
38.6159, -89.6405, -126.513
38.6159, -89.6405, -126.408
38.6159, -89.6405, -126.302
38.6159, -89.6405, -126.195
38.6159, -89.6405, -126.09
38.6159, -89.6405, -125.984
38.6159, -89.6405, -125.877
38.6159, -89.6405, -125.772
38.6159, -89.6405, -125.665
38.6159, -89.6405, -125.558
38.6159, -89.6405, -125.452
38.6159, -89.6405, -125.346
38.6159, -89.6405, -125.239
38.6159, -89.6405, -125.134
38.6159, -89.6405, -125.027
38.6159, -89.6405, -124.92
38.6159, -89.6405, -124.815
38.6159, -89.6405, -124.708
38.6159, -89.6405, -124.601
38.6159, -89.6405, -124.496
38.6159, -89.6405, -124.39
38.6159, -89.6405, -124.283
38.6159, -89.6404, -124.177
38.6159, -89.6404, -124.071
38.6159, -89.6404, -123.964
38.6159, -89.6404, -123.859
38.6159, -89.6404, -123.751
38.6159, -89.6404, -123.645
38.6159, -89.6404, -123.54
38.6159, -89.6404, -123.434
38.6159, -89.6404, -123.327
38.6159, -89.6404, -123.221
38.6159, -89.6404, -123.114
38.6159, -89.6404, -123.008
38.6159, -89.6404, -122.903
38.6159, -89.6404, -122.797
38.6159, -89.6404, -122.69
38.6159, -89.6404, -122.585
38.6159, -89.6404, -122.478
38.6159, -89.6404, -122.371
38.6159, -89.6404, -122.265
38.6159, -89.6404, -122.159
38.6159, -89.6404, -122.053
38.6159, -89.6404, -121.947
38.6159, -89.6404, -121.841
38.6159, -89.6404, -121.734
38.6159, -89.6404, -121.627
38.6159, -89.6404, -121.521
38.6159, -89.6404, -121.414
38.6159, -89.6404, -121.309
38.6159, -89.6404, -121.202
38.6159, -89.6404, -121.095
38.6159, -89.6404, -120.989
38.6159, -89.6404, -120.882
38.6159, -89.6404, -120.776
38.6159, -89.6404, -120.67
38.6159, -89.6404, -120.563
38.6159, -89.6404, -120.456
38.6159, -89.6404, -120.35
38.6159, -89.6404, -120.244
38.6159, -89.6404, -120.138
38.6159, -89.6404, -120.031
38.6159, -89.6404, -119.925
38.6159, -89.6404, -119.819
38.6159, -89.6404, -119.711
38.6159, -89.6404, -119.605
38.6159, -89.6404, -119.498
38.6159, -89.6404, -119.392
38.6159, -89.6404, -119.285
38.6159, -89.6404, -119.179
38.6159, -89.6404, -119.073
38.6159, -89.6404, -118.967
38.6159, -89.6404, -118.86
38.6159, -89.6404, -118.754
38.6159, -89.6404, -118.648
38.6159, -89.6404, -118.541
38.6159, -89.6404, -118.436
38.6159, -89.6404, -118.329
38.6159, -89.6404, -118.222
38.6159, -89.6404, -118.117
38.6159, -89.6404, -118.01
38.6159, -89.6404, -117.904
38.6159, -89.6404, -117.799
38.6159, -89.6404, -117.692
38.6159, -89.6404, -117.585
38.6159, -89.6403, -117.479
38.6159, -89.6403, -117.373
38.6159, -89.6403, -117.267
38.6159, -89.6403, -117.162
38.6159, -89.6403, -117.055
38.6159, -89.6403, -116.948
38.6159, -89.6403, -116.843
38.6159, -89.6403, -116.737
38.6159, -89.6403, -116.63
38.6159, -89.6403, -116.525
38.6159, -89.6403, -116.418
38.6159, -89.6403, -116.311
38.6159, -89.6403, -116.205
38.6159, -89.6403, -116.098
38.6159, -89.6403, -115.992
38.6159, -89.6403, -115.888
38.6159, -89.6403, -115.781
38.6159, -89.6403, -115.674
38.6159, -89.6403, -115.569
38.6159, -89.6403, -115.463
38.6159, -89.6403, -115.356
38.6159, -89.6403, -115.251
38.6159, -89.6403, -115.145
38.6159, -89.6403, -115.039
38.6159, -89.6403, -114.934
38.6159, -89.6403, -114.827
38.6159, -89.6403, -114.721
38.6159, -89.6403, -114.616
38.6159, -89.6403, -114.509
38.6159, -89.6403, -114.402
38.6159, -89.6403, -114.297
38.6159, -89.6403, -114.191
38.6159, -89.6403, -114.085
38.6159, -89.6403, -113.98
38.6159, -89.6403, -113.873
38.6159, -89.6403, -113.766
38.6159, -89.6403, -113.662
38.6159, -89.6403, -113.555
38.6159, -89.6403, -113.448
38.6159, -89.6403, -113.343
38.6159, -89.6403, -113.237
38.6159, -89.6403, -113.131
38.6159, -89.6403, -113.026
38.6159, -89.6403, -112.919
38.6159, -89.6403, -112.813
38.6159, -89.6403, -112.708
38.6159, -89.6403, -112.601
38.6159, -89.6403, -112.495
38.6159, -89.6403, -112.39
38.6159, -89.6403, -112.284
38.6159, -89.6403, -112.177
38.6159, -89.6403, -112.072
38.6159, -89.6403, -111.965
38.6159, -89.6403, -111.859
38.6159, -89.6403, -111.754
38.6159, -89.6403, -111.647
38.6159, -89.6403, -111.541
38.6159, -89.6403, -111.436
38.6159, -89.6403, -111.329
38.6159, -89.6403, -111.223
38.6159, -89.6403, -111.118
38.6159, -89.6403, -111.012
38.6159, -89.6403, -110.905
38.6159, -89.6402, -110.8
38.6159, -89.6402, -110.694
38.6159, -89.6402, -110.588
38.6159, -89.6402, -110.482
38.6159, -89.6402, -110.376
38.6159, -89.6402, -110.268
38.6159, -89.6402, -110.163
38.6159, -89.6402, -110.057
38.6159, -89.6402, -109.951
38.6159, -89.6402, -109.845
38.6159, -89.6402, -109.739
38.6159, -89.6402, -109.632
38.6159, -89.6402, -109.528
38.6159, -89.6402, -109.421
38.6159, -89.6402, -109.314
38.6159, -89.6402, -109.209
38.6159, -89.6402, -109.103
38.6159, -89.6402, -108.997
38.6159, -89.6402, -108.892
38.6159, -89.6402, -108.785
38.6159, -89.6402, -108.678
38.6159, -89.6402, -108.575
38.6159, -89.6402, -108.468
38.6159, -89.6402, -108.361
38.6159, -89.6402, -108.257
38.6159, -89.6402, -108.15
38.6159, -89.6402, -108.044
38.6159, -89.6402, -107.939
38.6159, -89.6402, -107.833
38.6159, -89.6402, -107.726
38.6159, -89.6402, -107.622
38.6159, -89.6402, -107.515
38.6159, -89.6402, -107.409
38.6159, -89.6402, -107.305
38.6159, -89.6402, -107.198
38.6159, -89.6402, -107.091
38.6159, -89.6402, -106.988
38.6159, -89.6402, -106.881
38.6159, -89.6402, -106.775
38.6159, -89.6402, -106.671
38.6159, -89.6402, -106.564
38.6159, -89.6402, -106.458
38.6159, -89.6402, -106.353
38.6159, -89.6402, -106.248
38.6159, -89.6402, -106.141
38.6159, -89.6402, -106.037
38.6159, -89.6402, -105.931
38.6159, -89.6402, -105.824
38.6159, -89.6402, -105.719
38.6159, -89.6402, -105.614
38.6159, -89.6402, -105.507
38.6159, -89.6402, -105.403
38.6159, -89.6402, -105.296
38.6159, -89.6402, -105.19
38.6159, -89.6402, -105.086
38.6159, -89.6402, -104.979
38.6159, -89.6402, -104.873
38.6159, -89.6402, -104.769
38.6159, -89.6402, -104.662
38.6159, -89.6402, -104.557
38.6159, -89.6402, -104.452
38.6159, -89.6402, -104.345
38.6159, -89.6402, -104.239
38.6159, -89.6402, -104.135
38.6159, -89.6401, -104.029
38.6159, -89.6401, -103.922
38.6159, -89.6401, -103.818
38.6159, -89.6401, -103.712
38.6159, -89.6401, -103.606
38.6159, -89.6401, -103.502
38.6159, -89.6401, -103.396
38.6159, -89.6401, -103.29
38.6159, -89.6401, -103.186
38.6159, -89.6401, -103.08
38.6159, -89.6401, -102.974
38.6159, -89.6401, -102.871
38.6159, -89.6401, -102.764
38.6159, -89.6401, -102.659
38.6159, -89.6401, -102.556
38.6159, -89.6401, -102.449
38.6159, -89.6401, -102.343
38.6159, -89.6401, -102.24
38.6159, -89.6401, -102.134
38.6159, -89.6401, -102.028
38.6159, -89.6401, -101.925
38.6159, -89.6401, -101.819
38.6159, -89.6401, -101.713
38.6159, -89.6401, -101.61
38.6159, -89.6401, -101.504
38.6159, -89.6401, -101.398
38.6159, -89.6401, -101.294
38.6159, -89.6401, -101.189
38.6159, -89.6401, -101.083
38.6159, -89.6401, -100.979
38.6159, -89.6401, -100.873
38.6159, -89.6401, -100.767
38.6159, -89.6401, -100.663
38.6159, -89.6401, -100.558
38.6159, -89.6401, -100.452
38.6159, -89.6401, -100.348
38.6159, -89.6401, -100.241
38.6159, -89.6401, -100.136
38.6159, -89.6401, -100.032
38.6159, -89.6401, -99.9263
38.6159, -89.6401, -99.8206
38.6159, -89.6401, -99.7169
38.6159, -89.6401, -99.6106
38.6159, -89.6401, -99.5049
38.6159, -89.6401, -99.4005
38.6159, -89.6401, -99.2948
38.6159, -89.6401, -99.1891
38.6159, -89.6401, -99.0848
38.6159, -89.6401, -98.9791
38.6159, -89.6401, -98.8734
38.6159, -89.6401, -98.7691
38.6159, -89.6401, -98.6634
38.6159, -89.6401, -98.5577
38.6159, -89.6401, -98.4533
38.6159, -89.6401, -98.3476
38.6159, -89.6401, -98.2419
38.6159, -89.6401, -98.1376
38.6159, -89.6401, -98.0319
38.6159, -89.6401, -97.9262
38.6159, -89.6401, -97.8219
38.6159, -89.6401, -97.7162
38.6159, -89.6401, -97.6105
38.6159, -89.6401, -97.5062
38.6159, -89.6401, -97.4005
38.6159, -89.64, -97.2948
38.6159, -89.64, -97.1897
38.6159, -89.64, -97.0847
38.6159, -89.64, -96.979
38.6159, -89.64, -96.874
38.6159, -89.64, -96.769
38.6159, -89.64, -96.6633
38.6159, -89.64, -96.559
38.6159, -89.64, -96.4533
38.6159, -89.64, -96.3483
38.6159, -89.64, -96.2432
38.6159, -89.64, -96.1375
38.6159, -89.64, -96.0325
38.6159, -89.64, -95.9282
38.6159, -89.64, -95.8225
38.6159, -89.64, -95.7175
38.6159, -89.64, -95.6139
38.6159, -89.64, -95.5082
38.6159, -89.64, -95.4031
38.6159, -89.64, -95.2988
38.6159, -89.64, -95.1938
38.6159, -89.64, -95.0888
38.6159, -89.64, -94.9845
38.6159, -89.64, -94.8788
38.6159, -89.64, -94.7744
38.6159, -89.64, -94.6701
38.6159, -89.64, -94.5644
38.6159, -89.64, -94.4594
38.6159, -89.64, -94.3557
38.6159, -89.64, -94.2507
38.6159, -89.64, -94.145
38.6159, -89.64, -94.0407
38.6159, -89.64, -93.9357
38.6159, -89.64, -93.8307
38.6159, -89.64, -93.7263
38.6159, -89.64, -93.6213
38.6159, -89.64, -93.5156
38.6159, -89.64, -93.4113
38.6159, -89.64, -93.3063
38.6159, -89.64, -93.2013
38.6159, -89.64, -93.0969
38.6159, -89.64, -92.9919
38.6159, -89.64, -92.8862
38.6159, -89.64, -92.7819
38.6159, -89.64, -92.6769
38.6159, -89.64, -92.5719
38.6159, -89.64, -92.4675
38.6159, -89.64, -92.3618
38.6159, -89.64, -92.2568
38.6159, -89.64, -92.1518
38.6159, -89.64, -92.0468
38.6159, -89.64, -91.9418
38.6159, -89.64, -91.8368
38.6159, -89.64, -91.7318
38.6159, -89.64, -91.6267
38.6159, -89.64, -91.5224
38.6159, -89.64, -91.4174
38.6159, -89.64, -91.3117
38.6159, -89.64, -91.2067
38.6159, -89.64, -91.1017
38.6159, -89.64, -90.996
38.6159, -89.64, -90.8916
38.6159, -89.64, -90.7859
38.6159, -89.64, -90.6809
38.6159, -89.6399, -90.5759
38.6159, -89.6399, -90.4709
38.6159, -89.6399, -90.3659
38.6159, -89.6399, -90.2602
38.6159, -89.6399, -90.1552
38.6159, -89.6399, -90.0502
38.6159, -89.6399, -89.9445
38.6159, -89.6399, -89.8394
38.6159, -89.6399, -89.7344
38.6159, -89.6399, -89.6294
38.6159, -89.6399, -89.5244
38.6159, -89.6399, -89.4194
38.6159, -89.6399, -89.3137
38.6159, -89.6399, -89.2087
38.6159, -89.6399, -89.1037
38.6159, -89.6399, -88.9987
38.6159, -89.6399, -88.8936
38.6159, -89.6399, -88.7886
38.6159, -89.6399, -88.6829
38.6159, -89.6399, -88.5779
38.6159, -89.6399, -88.4729
38.6159, -89.6399, -88.3679
38.6159, -89.6399, -88.2629
38.6159, -89.6399, -88.1579
38.6159, -89.6399, -88.0528
38.6159, -89.6399, -87.9478
38.6159, -89.6399, -87.8428
38.6159, -89.6399, -87.7378
38.6159, -89.6399, -87.6328
38.6159, -89.6399, -87.5278
38.6159, -89.6399, -87.4214
38.6159, -89.6399, -87.3164
38.6159, -89.6399, -87.2114
38.6159, -89.6399, -87.1063
38.6159, -89.6399, -87.0013
38.6159, -89.6399, -86.8963
38.6159, -89.6399, -86.7906
38.6159, -89.6399, -86.6856
38.6159, -89.6399, -86.5806
38.6159, -89.6399, -86.4756
38.6159, -89.6399, -86.3706
38.6159, -89.6399, -86.2655
38.6159, -89.6399, -86.1592
38.6159, -89.6399, -86.0541
38.6159, -89.6399, -85.9491
38.6159, -89.6399, -85.8427
38.6159, -89.6399, -85.7377
38.6159, -89.6399, -85.6327
38.6159, -89.6399, -85.5263
38.6159, -89.6399, -85.4213
38.6159, -89.6399, -85.3163
38.6159, -89.6399, -85.2099
38.6159, -89.6399, -85.1049
38.6159, -89.6399, -84.9999
38.6159, -89.6399, -84.8942
38.6159, -89.6399, -84.7892
38.6159, -89.6399, -84.6835
38.6159, -89.6399, -84.5791
38.6159, -89.6399, -84.4734
38.6159, -89.6399, -84.3684
38.6159, -89.6399, -84.262
38.6159, -89.6399, -84.157
38.6159, -89.6399, -84.052
38.6159, -89.6399, -83.9463
38.6159, -89.6398, -83.8413
38.6159, -89.6398, -83.7363
38.6159, -89.6398, -83.6313
38.6159, -89.6398, -83.5263
38.6159, -89.6398, -83.4206
38.6159, -89.6398, -83.3155
38.6159, -89.6398, -83.2105
38.6159, -89.6398, -83.1055
38.6159, -89.6398, -83.0005
38.6159, -89.6398, -82.8955
38.6159, -89.6398, -82.7905
38.6159, -89.6398, -82.6848
38.6159, -89.6398, -82.5798
38.6159, -89.6398, -82.4747
38.6159, -89.6398, -82.3697
38.6159, -89.6398, -82.264
38.6159, -89.6398, -82.159
38.6159, -89.6398, -82.054
38.6159, -89.6398, -81.949
38.6159, -89.6398, -81.8433
38.6159, -89.6398, -81.7383
38.6159, -89.6398, -81.6333
38.6159, -89.6398, -81.5282
38.6159, -89.6398, -81.4232
38.6159, -89.6398, -81.3175
38.6159, -89.6398, -81.2125
38.6159, -89.6398, -81.1075
38.6159, -89.6398, -81.0025
38.6159, -89.6398, -80.8968
38.6159, -89.6398, -80.7911
38.6159, -89.6398, -80.6861
38.6159, -89.6398, -80.5811
38.6159, -89.6398, -80.476
38.6159, -89.6398, -80.3703
38.6159, -89.6398, -80.2653
38.6159, -89.6398, -80.161
38.6159, -89.6398, -80.056
38.6159, -89.6398, -79.9503
38.6159, -89.6398, -79.8453
38.6159, -89.6398, -79.7403
38.6159, -89.6398, -79.6352
38.6159, -89.6398, -79.5295
38.6159, -89.6398, -79.4245
38.6159, -89.6398, -79.3195
38.6159, -89.6398, -79.2145
38.6159, -89.6398, -79.1095
38.6159, -89.6398, -79.0045
38.6159, -89.6398, -78.9001
38.6159, -89.6398, -78.7944
38.6159, -89.6398, -78.6894
38.6159, -89.6398, -78.5844
38.6159, -89.6398, -78.4794
38.6159, -89.6398, -78.3737
38.6159, -89.6398, -78.2694
38.6159, -89.6398, -78.1644
38.6159, -89.6398, -78.0587
38.6159, -89.6398, -77.955
38.6159, -89.6398, -77.85
38.6159, -89.6398, -77.7443
38.6159, -89.6398, -77.64
38.6159, -89.6398, -77.535
38.6159, -89.6398, -77.4293
38.6159, -89.6398, -77.3249
38.6159, -89.6398, -77.2199
38.6159, -89.6398, -77.1142
38.6159, -89.6397, -77.0106
38.6159, -89.6397, -76.9056
38.6159, -89.6397, -76.7999
38.6159, -89.6397, -76.6955
38.6159, -89.6397, -76.5898
38.6159, -89.6397, -76.4848
38.6159, -89.6397, -76.3805
38.6159, -89.6397, -76.2755
38.6159, -89.6397, -76.1705
38.6159, -89.6397, -76.0654
38.6159, -89.6397, -75.9604
38.6159, -89.6397, -75.8547
38.6159, -89.6397, -75.7518
38.6159, -89.6397, -75.6454
38.6159, -89.6397, -75.5404
38.6159, -89.6397, -75.4367
38.6159, -89.6397, -75.3317
38.6159, -89.6397, -75.226
38.6159, -89.6397, -75.1224
38.6159, -89.6397, -75.0167
38.6159, -89.6397, -74.9117
38.6159, -89.6397, -74.8067
38.6159, -89.6397, -74.7016
38.6159, -89.6397, -74.5966
38.6159, -89.6397, -74.4923
38.6159, -89.6397, -74.3866
38.6159, -89.6397, -74.2809
38.6159, -89.6397, -74.1766
38.6159, -89.6397, -74.0716
38.6159, -89.6397, -73.9665
38.6159, -89.6397, -73.8615
38.6159, -89.6397, -73.7565
38.6159, -89.6397, -73.6515
38.6159, -89.6397, -73.5465
38.6159, -89.6397, -73.4415
38.6159, -89.6397, -73.3358
38.6159, -89.6397, -73.2314
38.6159, -89.6397, -73.1257
38.6159, -89.6397, -73.02
38.6159, -89.6397, -72.9157
38.6159, -89.6397, -72.81
38.6159, -89.6397, -72.705
38.6159, -89.6397, -72.6007
38.6159, -89.6397, -72.495
38.6159, -89.6397, -72.39
38.6159, -89.6397, -72.2856
38.6159, -89.6397, -72.1792
38.6159, -89.6397, -72.0742
38.6159, -89.6397, -71.9699
38.6159, -89.6397, -71.8642
38.6159, -89.6397, -71.7592
38.6159, -89.6397, -71.6542
38.6159, -89.6397, -71.5492
38.6159, -89.6397, -71.4428
38.6159, -89.6397, -71.3378
38.6159, -89.6397, -71.2327
38.6159, -89.6397, -71.1277
38.6159, -89.6397, -71.022
38.6159, -89.6397, -70.917
38.6159, -89.6397, -70.8113
38.6159, -89.6397, -70.7049
38.6159, -89.6397, -70.5999
38.6159, -89.6397, -70.4949
38.6159, -89.6397, -70.3892
38.6159, -89.6396, -70.2835
38.6159, -89.6396, -70.1785
38.6159, -89.6396, -70.0728
38.6159, -89.6396, -69.9678
38.6159, -89.6396, -69.8621
38.6159, -89.6396, -69.7564
38.6159, -89.6396, -69.6514
38.6159, -89.6396, -69.5463
38.6159, -89.6396, -69.4406
38.6159, -89.6396, -69.3356
38.6159, -89.6396, -69.2299
38.6159, -89.6396, -69.1256
38.6159, -89.6396, -69.0199
38.6159, -89.6396, -68.9149
38.6159, -89.6396, -68.8092
38.6159, -89.6396, -68.7042
38.6159, -89.6396, -68.5992
38.6159, -89.6396, -68.4935
38.6159, -89.6396, -68.3884
38.6159, -89.6396, -68.2827
38.6159, -89.6396, -68.177
38.6159, -89.6396, -68.0713
38.6159, -89.6396, -67.967
38.6159, -89.6396, -67.8606
38.6159, -89.6396, -67.7556
38.6159, -89.6396, -67.6499
38.6159, -89.6396, -67.5435
38.6159, -89.6396, -67.4378
38.6159, -89.6396, -67.3328
38.6159, -89.6396, -67.2271
38.6159, -89.6396, -67.1214
38.6159, -89.6396, -67.0164
38.6159, -89.6396, -66.91
38.6159, -89.6396, -66.8043
38.6159, -89.6396, -66.6986
38.6159, -89.6396, -66.5929
38.6159, -89.6396, -66.4879
38.6159, -89.6396, -66.3822
38.6159, -89.6396, -66.2758
38.6159, -89.6396, -66.1708
38.6159, -89.6396, -66.0651
38.6159, -89.6396, -65.9594
38.6159, -89.6396, -65.8537
38.6159, -89.6396, -65.7487
38.6159, -89.6396, -65.6423
38.6159, -89.6396, -65.5366
38.6159, -89.6396, -65.4316
38.6159, -89.6396, -65.3259
38.6159, -89.6396, -65.2202
38.6159, -89.6396, -65.1152
38.6159, -89.6396, -65.0088
38.6159, -89.6396, -64.9038
38.6159, -89.6396, -64.7981
38.6159, -89.6396, -64.6917
38.6159, -89.6396, -64.586
38.6159, -89.6396, -64.481
38.6159, -89.6396, -64.3746
38.6159, -89.6396, -64.2689
38.6159, -89.6396, -64.1632
38.6159, -89.6396, -64.0575
38.6159, -89.6396, -63.9518
38.6159, -89.6396, -63.8468
38.6159, -89.6396, -63.7404
38.6159, -89.6396, -63.6354
38.6159, -89.6395, -63.5297
38.6159, -89.6395, -63.4233
38.6159, -89.6395, -63.3183
38.6159, -89.6395, -63.2126
38.6159, -89.6395, -63.1062
38.6159, -89.6395, -63.0005
38.6159, -89.6395, -62.8954
38.6159, -89.6395, -62.7891
38.6159, -89.6395, -62.6834
38.6159, -89.6395, -62.5783
38.6159, -89.6395, -62.4726
38.6159, -89.6395, -62.3669
38.6159, -89.6395, -62.2612
38.6159, -89.6395, -62.1549
38.6159, -89.6395, -62.0498
38.6159, -89.6395, -61.9441
38.6159, -89.6395, -61.8378
38.6159, -89.6395, -61.7321
38.6159, -89.6395, -61.6264
38.6159, -89.6395, -61.5207
38.6159, -89.6395, -61.415
38.6159, -89.6395, -61.3093
38.6159, -89.6395, -61.2029
38.6159, -89.6395, -61.0972
38.6159, -89.6395, -60.9922
38.6159, -89.6395, -60.8858
38.6159, -89.6395, -60.7801
38.6159, -89.6395, -60.6751
38.6159, -89.6395, -60.5687
38.6159, -89.6395, -60.463
38.6159, -89.6395, -60.3573
38.6159, -89.6395, -60.2502
38.6159, -89.6395, -60.1445
38.6159, -89.6395, -60.0388
38.6159, -89.6395, -59.9331
38.6159, -89.6395, -59.8274
38.6159, -89.6395, -59.7217
38.6159, -89.6395, -59.6153
38.6159, -89.6395, -59.5096
38.6159, -89.6395, -59.4046
38.6159, -89.6395, -59.2982
38.6159, -89.6395, -59.1925
38.6159, -89.6395, -59.0875
38.6159, -89.6395, -58.9811
38.6159, -89.6395, -58.8754
38.6159, -89.6395, -58.7704
38.6159, -89.6395, -58.664
38.6159, -89.6395, -58.559
38.6159, -89.6395, -58.4533
38.6159, -89.6395, -58.3476
38.6159, -89.6395, -58.2419
38.6159, -89.6395, -58.1362
38.6159, -89.6395, -58.0305
38.6159, -89.6395, -57.9248
38.6159, -89.6395, -57.8198
38.6159, -89.6395, -57.7134
38.6159, -89.6395, -57.6084
38.6159, -89.6395, -57.5027
38.6159, -89.6395, -57.397
38.6159, -89.6395, -57.2906
38.6159, -89.6395, -57.1856
38.6159, -89.6395, -57.0792
38.6159, -89.6395, -56.9742
38.6159, -89.6394, -56.8678
38.6159, -89.6394, -56.7621
38.6159, -89.6394, -56.6564
38.6159, -89.6394, -56.5514
38.6159, -89.6394, -56.4463
38.6159, -89.6394, -56.3406
38.6159, -89.6394, -56.2343
38.6159, -89.6394, -56.1299
38.6159, -89.6394, -56.0242
38.6159, -89.6394, -55.9185
38.6159, -89.6394, -55.8135
38.6159, -89.6394, -55.7085
38.6159, -89.6394, -55.6021
38.6159, -89.6394, -55.4978
38.6159, -89.6394, -55.3914
38.6159, -89.6394, -55.2864
38.6159, -89.6394, -55.1821
38.6159, -89.6394, -55.0757
38.6159, -89.6394, -54.9707
38.6159, -89.6394, -54.865
38.6159, -89.6394, -54.7599
38.6159, -89.6394, -54.6542
38.6159, -89.6394, -54.5492
38.6159, -89.6394, -54.4428
38.6159, -89.6394, -54.3378
38.6159, -89.6394, -54.2321
38.6159, -89.6394, -54.1271
38.6159, -89.6394, -54.0207
38.6159, -89.6394, -53.9157
38.6159, -89.6394, -53.81
38.6159, -89.6394, -53.7043
38.6159, -89.6394, -53.5986
38.6159, -89.6394, -53.4929
38.6159, -89.6394, -53.3872
38.6159, -89.6394, -53.2822
38.6159, -89.6394, -53.1758
38.6159, -89.6394, -53.0708
38.6159, -89.6394, -52.9651
38.6159, -89.6394, -52.8587
38.6159, -89.6394, -52.753
38.6159, -89.6394, -52.648
38.6159, -89.6394, -52.5416
38.6159, -89.6394, -52.4359
38.6159, -89.6394, -52.3309
38.6159, -89.6394, -52.2245
38.6159, -89.6394, -52.1188
38.6159, -89.6394, -52.0131
38.6159, -89.6394, -51.9074
38.6159, -89.6394, -51.8017
38.6159, -89.6394, -51.6953
38.6159, -89.6394, -51.5896
38.6159, -89.6394, -51.4839
38.6159, -89.6394, -51.3789
38.6159, -89.6394, -51.2725
38.6159, -89.6394, -51.1668
38.6159, -89.6394, -51.0618
38.6159, -89.6394, -50.9561
38.6159, -89.6394, -50.8497
38.6159, -89.6394, -50.744
38.6159, -89.6394, -50.6383
38.6159, -89.6394, -50.5319
38.6159, -89.6394, -50.4262
38.6159, -89.6394, -50.3205
38.6159, -89.6394, -50.2141
38.6159, -89.6393, -50.1091
38.6159, -89.6393, -50.0034
38.6159, -89.6393, -49.8977
38.6159, -89.6393, -49.792
38.6159, -89.6393, -49.6856
38.6159, -89.6393, -49.5799
38.6159, -89.6393, -49.4742
38.6159, -89.6393, -49.3685
38.6159, -89.6393, -49.2622
38.6159, -89.6393, -49.1558
38.6159, -89.6393, -49.0501
38.6159, -89.6393, -48.9437
38.6159, -89.6393, -48.8373
38.6159, -89.6393, -48.7316
38.6159, -89.6393, -48.6259
38.6159, -89.6393, -48.5195
38.6159, -89.6393, -48.4131
38.6159, -89.6393, -48.3074
38.6159, -89.6393, -48.201
38.6159, -89.6393, -48.0953
38.6159, -89.6393, -47.9896
38.6159, -89.6393, -47.8832
38.6159, -89.6393, -47.7775
38.6159, -89.6393, -47.6712
38.6159, -89.6393, -47.5655
38.6159, -89.6393, -47.4591
38.6159, -89.6393, -47.3534
38.6159, -89.6393, -47.2463
38.6159, -89.6393, -47.1406
38.6159, -89.6393, -47.0349
38.6159, -89.6393, -46.9285
38.6159, -89.6393, -46.8221
38.6159, -89.6393, -46.7157
38.6159, -89.6393, -46.61
38.6159, -89.6393, -46.5036
38.6159, -89.6393, -46.3973
38.6159, -89.6393, -46.2916
38.6159, -89.6393, -46.1845
38.6159, -89.6393, -46.0788
38.6159, -89.6393, -45.9724
38.6159, -89.6393, -45.8653
38.6159, -89.6393, -45.7596
38.6159, -89.6393, -45.6526
38.6159, -89.6393, -45.5462
38.6159, -89.6393, -45.4405
38.6159, -89.6393, -45.3334
38.6159, -89.6393, -45.227
38.6159, -89.6393, -45.1213
38.6159, -89.6393, -45.0135
38.6159, -89.6393, -44.9072
38.6159, -89.6393, -44.8015
38.6159, -89.6393, -44.6937
38.6159, -89.6393, -44.588
38.6159, -89.6393, -44.4816
38.6159, -89.6393, -44.3745
38.6159, -89.6393, -44.2682
38.6159, -89.6393, -44.1624
38.6159, -89.6393, -44.0554
38.6159, -89.6393, -43.949
38.6159, -89.6393, -43.8426
38.6159, -89.6393, -43.7362
38.6159, -89.6393, -43.6291
38.6159, -89.6393, -43.5234
38.6159, -89.6393, -43.4164
38.6159, -89.6392, -43.3107
38.6159, -89.6392, -43.2043
38.6159, -89.6392, -43.0979
38.6159, -89.6392, -42.9915
38.6159, -89.6392, -42.8851
38.6159, -89.6392, -42.7787
38.6159, -89.6392, -42.673
38.6159, -89.6392, -42.5666
38.6159, -89.6392, -42.4603
38.6159, -89.6392, -42.3539
38.6159, -89.6392, -42.2475
38.6159, -89.6392, -42.1418
38.6159, -89.6392, -42.0347
38.6159, -89.6392, -41.929
38.6159, -89.6392, -41.8233
38.6159, -89.6392, -41.7162
38.6159, -89.6392, -41.6105
38.6159, -89.6392, -41.5042
38.6159, -89.6392, -41.3985
38.6159, -89.6392, -41.2928
38.6159, -89.6392, -41.1864
38.6159, -89.6392, -41.08
38.6159, -89.6392, -40.9736
38.6159, -89.6392, -40.8679
38.6159, -89.6392, -40.7622
38.6159, -89.6392, -40.6558
38.6159, -89.6392, -40.5501
38.6159, -89.6392, -40.4444
38.6159, -89.6392, -40.338
38.6159, -89.6392, -40.233
38.6159, -89.6392, -40.1266
38.6159, -89.6392, -40.0202
38.6159, -89.6392, -39.9152
38.6159, -89.6392, -39.8095
38.6159, -89.6392, -39.7024
38.6159, -89.6392, -39.5974
38.6159, -89.6392, -39.4917
38.6159, -89.6392, -39.3853
38.6159, -89.6392, -39.279
38.6159, -89.6392, -39.1733
38.6159, -89.6392, -39.0669
38.6159, -89.6392, -38.9619
38.6159, -89.6392, -38.8555
38.6159, -89.6392, -38.7498
38.6159, -89.6392, -38.6434
38.6159, -89.6392, -38.5377
38.6159, -89.6392, -38.432
38.6159, -89.6392, -38.3256
38.6159, -89.6392, -38.2199
38.6159, -89.6392, -38.1135
38.6159, -89.6392, -38.0078
38.6159, -89.6392, -37.9014
38.6159, -89.6392, -37.7957
38.6159, -89.6392, -37.6893
38.6159, -89.6392, -37.5836
38.6159, -89.6392, -37.4779
38.6159, -89.6392, -37.3709
38.6159, -89.6392, -37.2652
38.6159, -89.6392, -37.1588
38.6159, -89.6392, -37.0517
38.6159, -89.6392, -36.9453
38.6159, -89.6392, -36.8396
38.6159, -89.6392, -36.7325
38.6159, -89.6391, -36.6261
38.6159, -89.6391, -36.5204
38.6159, -89.6391, -36.4134
38.6158, -89.6391, -36.307
38.6158, -89.6391, -36.2013
38.6158, -89.6391, -36.0942
38.6158, -89.6391, -35.9878
38.6158, -89.6391, -35.8821
38.6158, -89.6391, -35.7751
38.6158, -89.6391, -35.668
38.6158, -89.6391, -35.5623
38.6158, -89.6391, -35.4552
38.6158, -89.6391, -35.3495
38.6158, -89.6391, -35.2431
38.6158, -89.6391, -35.1367
38.6158, -89.6391, -35.0303
38.6158, -89.6391, -34.9246
38.6158, -89.6391, -34.8176
38.6158, -89.6391, -34.7119
38.6158, -89.6391, -34.6055
38.6158, -89.6391, -34.4998
38.6158, -89.6391, -34.3941
38.6158, -89.6391, -34.287
38.6158, -89.6391, -34.182
38.6158, -89.6391, -34.0756
38.6158, -89.6391, -33.9699
38.6158, -89.6391, -33.8635
38.6158, -89.6391, -33.7578
38.6158, -89.6391, -33.6521
38.6158, -89.6391, -33.5457
38.6158, -89.6391, -33.44
38.6158, -89.6391, -33.3343
38.6158, -89.6391, -33.2279
38.6158, -89.6391, -33.1222
38.6158, -89.6391, -33.0165
38.6158, -89.6391, -32.9102
38.6158, -89.6391, -32.8045
38.6158, -89.6391, -32.6988
38.6158, -89.6391, -32.5931
38.6158, -89.6391, -32.4867
38.6158, -89.6391, -32.381
38.6158, -89.6391, -32.2753
38.6158, -89.6391, -32.1703
38.6158, -89.6391, -32.0646
38.6158, -89.6391, -31.9589
38.6158, -89.6391, -31.8525
38.6158, -89.6391, -31.7468
38.6158, -89.6391, -31.6411
38.6158, -89.6391, -31.5354
38.6158, -89.6391, -31.429
38.6158, -89.6391, -31.324
38.6158, -89.6391, -31.2183
38.6158, -89.6391, -31.1126
38.6158, -89.6391, -31.0069
38.6158, -89.6391, -30.9005
38.6158, -89.6391, -30.7948
38.6158, -89.6391, -30.6891
38.6158, -89.6391, -30.5834
38.6158, -89.6391, -30.477
38.6158, -89.6391, -30.3706
38.6158, -89.6391, -30.2656
38.6158, -89.6391, -30.1592
38.6158, -89.6391, -30.0528
38.6158, -89.6391, -29.9471
38.6158, -89.639, -29.8407
38.6158, -89.639, -29.7343
38.6158, -89.639, -29.6286
38.6158, -89.639, -29.5229
38.6158, -89.639, -29.4159
38.6158, -89.639, -29.3102
38.6158, -89.639, -29.2045
38.6158, -89.639, -29.0974
38.6158, -89.639, -28.9917
38.6158, -89.639, -28.886
38.6158, -89.639, -28.7796
38.6158, -89.639, -28.6732
38.6158, -89.639, -28.5675
38.6158, -89.639, -28.4604
38.6158, -89.639, -28.3547
38.6158, -89.639, -28.2497
38.6158, -89.639, -28.142
38.6158, -89.639, -28.0363
38.6158, -89.639, -27.9306
38.6158, -89.639, -27.8228
38.6158, -89.639, -27.7171
38.6158, -89.639, -27.6114
38.6158, -89.639, -27.505
38.6158, -89.639, -27.3986
38.6158, -89.639, -27.2929
38.6158, -89.639, -27.1859
38.6158, -89.639, -27.0802
38.6158, -89.639, -26.9745
38.6158, -89.639, -26.8681
38.6158, -89.639, -26.7624
38.6158, -89.639, -26.656
38.6158, -89.639, -26.5496
38.6158, -89.639, -26.4432
38.6158, -89.639, -26.3382
38.6158, -89.639, -26.2311
38.6158, -89.639, -26.1254
38.6158, -89.639, -26.019
38.6158, -89.639, -25.9133
38.6158, -89.639, -25.807
38.6158, -89.639, -25.7013
38.6158, -89.639, -25.5942
38.6158, -89.639, -25.4885
38.6158, -89.639, -25.3828
38.6158, -89.639, -25.2764
38.6158, -89.639, -25.17
38.6158, -89.639, -25.0643
38.6158, -89.639, -24.9579
38.6158, -89.639, -24.8522
38.6158, -89.639, -24.7458
38.6158, -89.639, -24.6401
38.6158, -89.639, -24.5337
38.6158, -89.639, -24.428
38.6158, -89.639, -24.3217
38.6158, -89.639, -24.216
38.6158, -89.639, -24.1103
38.6158, -89.639, -24.0032
38.6158, -89.639, -23.8975
38.6158, -89.639, -23.7918
38.6158, -89.639, -23.6847
38.6158, -89.639, -23.5797
38.6158, -89.639, -23.474
38.6158, -89.639, -23.3676
38.6158, -89.639, -23.2619
38.6158, -89.639, -23.1555
38.6158, -89.6389, -23.0498
38.6158, -89.6389, -22.9434
38.6158, -89.6389, -22.8377
38.6158, -89.6389, -22.7313
38.6158, -89.6389, -22.6263
38.6158, -89.6389, -22.5206
38.6158, -89.6389, -22.4142
38.6158, -89.6389, -22.3085
38.6158, -89.6389, -22.2022
38.6158, -89.6389, -22.0958
38.6158, -89.6389, -21.9908
38.6158, -89.6389, -21.8851
38.6158, -89.6389, -21.7787
38.6158, -89.6389, -21.6737
38.6158, -89.6389, -21.5673
38.6158, -89.6389, -21.4609
38.6158, -89.6389, -21.3552
38.6158, -89.6389, -21.2495
38.6158, -89.6389, -21.1424
38.6158, -89.6389, -21.0374
38.6158, -89.6389, -20.931
38.6158, -89.6389, -20.8246
38.6158, -89.6389, -20.7182
38.6158, -89.6389, -20.6132
38.6158, -89.6389, -20.5061
38.6158, -89.6389, -20.4004
38.6158, -89.6389, -20.2947
38.6158, -89.6389, -20.1877
38.6158, -89.6389, -20.082
38.6158, -89.6389, -19.9763
38.6158, -89.6389, -19.8699
38.6158, -89.6389, -19.7635
38.6158, -89.6389, -19.6585
38.6158, -89.6389, -19.5521
38.6158, -89.6389, -19.4464
38.6158, -89.6389, -19.3414
38.6158, -89.6389, -19.235
38.6158, -89.6389, -19.13
38.6158, -89.6389, -19.0243
38.6158, -89.6389, -18.9179
38.6158, -89.6389, -18.8129
38.6158, -89.6389, -18.7079
38.6158, -89.6389, -18.6008
38.6158, -89.6389, -18.4958
38.6158, -89.6389, -18.3901
38.6158, -89.6389, -18.2844
38.6158, -89.6389, -18.178
38.6158, -89.6389, -18.073
38.6158, -89.6389, -17.9666
38.6158, -89.6389, -17.8616
38.6158, -89.6389, -17.7552
38.6158, -89.6389, -17.6502
38.6158, -89.6389, -17.5438
38.6158, -89.6389, -17.4388
38.6158, -89.6389, -17.3324
38.6158, -89.6389, -17.2267
38.6158, -89.6389, -17.121
38.6158, -89.6389, -17.0146
38.6158, -89.6389, -16.9089
38.6158, -89.6389, -16.8039
38.6158, -89.6389, -16.6975
38.6158, -89.6389, -16.5911
38.6158, -89.6389, -16.4861
38.6158, -89.6388, -16.3797
38.6158, -89.6388, -16.2733
38.6158, -89.6388, -16.1683
38.6158, -89.6388, -16.0612
38.6158, -89.6388, -15.9562
38.6158, -89.6388, -15.8498
38.6158, -89.6388, -15.7434
38.6158, -89.6388, -15.6384
38.6158, -89.6388, -15.532
38.6158, -89.6388, -15.4257
38.6158, -89.6388, -15.3193
38.6158, -89.6388, -15.2143
38.6158, -89.6388, -15.1079
38.6158, -89.6388, -15.0029
38.6158, -89.6388, -14.8965
38.6158, -89.6388, -14.7901
38.6158, -89.6388, -14.6844
38.6158, -89.6388, -14.5794
38.6158, -89.6388, -14.473
38.6158, -89.6388, -14.3666
38.6158, -89.6388, -14.2616
38.6158, -89.6388, -14.1538
38.6158, -89.6388, -14.0488
38.6158, -89.6388, -13.9431
38.6158, -89.6388, -13.836
38.6158, -89.6388, -13.731
38.6158, -89.6388, -13.6246
38.6158, -89.6388, -13.5182
38.6158, -89.6388, -13.4132
38.6158, -89.6388, -13.3068
38.6158, -89.6388, -13.2005
38.6158, -89.6388, -13.0954
38.6158, -89.6388, -12.9891
38.6158, -89.6388, -12.8827
38.6158, -89.6388, -12.777
38.6158, -89.6388, -12.672
38.6158, -89.6388, -12.5642
38.6158, -89.6388, -12.4592
38.6158, -89.6388, -12.3535
38.6158, -89.6388, -12.2471
38.6158, -89.6388, -12.1414
38.6158, -89.6388, -12.035
38.6158, -89.6388, -11.9286
38.6158, -89.6388, -11.8229
38.6158, -89.6388, -11.7179
38.6158, -89.6388, -11.6101
38.6158, -89.6388, -11.5044
38.6158, -89.6388, -11.3987
38.6158, -89.6388, -11.2917
38.6158, -89.6388, -11.186
38.6158, -89.6388, -11.0803
38.6158, -89.6388, -10.9725
38.6158, -89.6388, -10.8668
38.6158, -89.6388, -10.7618
38.6158, -89.6388, -10.654
38.6158, -89.6388, -10.5483
38.6158, -89.6388, -10.442
38.6158, -89.6388, -10.3349
38.6158, -89.6388, -10.2292
38.6158, -89.6388, -10.1235
38.6158, -89.6388, -10.0164
38.6158, -89.6388, -9.9107
38.6158, -89.6388, -9.805
38.6158, -89.6387, -9.69725
38.6158, -89.6387, -9.59154
38.6158, -89.6387, -9.48653
38.6158, -89.6387, -9.38014
38.6158, -89.6387, -9.27376
38.6158, -89.6387, -9.16806
38.6158, -89.6387, -9.06167
38.6158, -89.6387, -8.95597
38.6158, -89.6387, -8.85027
38.6158, -89.6387, -8.74388
38.6158, -89.6387, -8.63818
38.6158, -89.6387, -8.53179
38.6158, -89.6387, -8.42609
38.6158, -89.6387, -8.31971
38.6158, -89.6387, -8.21401
38.6158, -89.6387, -8.10831
38.6158, -89.6387, -8.00192
38.6158, -89.6387, -7.89622
38.6158, -89.6387, -7.79052
38.6158, -89.6387, -7.68482
38.6158, -89.6387, -7.57912
38.6158, -89.6387, -7.47136
38.6158, -89.6387, -7.36566
38.6158, -89.6387, -7.25996
38.6158, -89.6387, -7.15357
38.6158, -89.6387, -7.04787
38.6158, -89.6387, -6.94217
38.6158, -89.6387, -6.8351
38.6158, -89.6387, -6.7294
38.6158, -89.6387, -6.6237
38.6158, -89.6387, -6.51662
38.6158, -89.6387, -6.41092
38.6158, -89.6387, -6.30522
38.6158, -89.6387, -6.19815
38.6158, -89.6387, -6.09245
38.6158, -89.6387, -5.98675
38.6158, -89.6387, -5.87899
38.6158, -89.6387, -5.77329
38.6158, -89.6387, -5.66759
38.6158, -89.6387, -5.56051
38.6158, -89.6387, -5.45481
38.6158, -89.6387, -5.34843
38.6158, -89.6387, -5.24135
38.6158, -89.6387, -5.13565
38.6158, -89.6387, -5.02995
38.6158, -89.6387, -4.92219
38.6158, -89.6387, -4.81718
38.6158, -89.6387, -4.71148
38.6158, -89.6387, -4.60303
