38.61597465,-89.64597736
38.61597461,-89.64597571
38.61597458,-89.64597405
38.61597455,-89.64597239
38.61597452,-89.64597073
38.61597449,-89.64596908
38.61597445,-89.64596741
38.61597442,-89.64596575
38.6159744,-89.6459641
38.61597436,-89.64596244
38.61597433,-89.64596077
38.61597431,-89.64595912
38.61597427,-89.64595745
38.61597424,-89.64595578
38.61597422,-89.64595412
38.61597418,-89.64595245
38.61597415,-89.64595078
38.61597413,-89.64594913
38.6159741,-89.64594745
38.61597406,-89.64594578
38.61597404,-89.64594413
38.61597401,-89.64594245
38.61597398,-89.64594077
38.61597395,-89.64593911
38.61597392,-89.64593743
38.61597389,-89.64593575
38.61597387,-89.64593409
38.61597383,-89.6459324
38.6159738,-89.64593072
38.61597378,-89.64592905
38.61597374,-89.64592736
38.61597371,-89.64592567
38.61597368,-89.64592399
38.61597365,-89.6459223
38.61597361,-89.64592061
38.61597359,-89.64591892
38.61597355,-89.64591722
38.61597352,-89.64591553
38.61597349,-89.64591384
38.61597346,-89.64591214
38.61597342,-89.64591044
38.61597339,-89.64590875
38.61597336,-89.64590705
38.61597333,-89.64590535
38.6159733,-89.64590365
38.61597327,-89.64590194
38.61597323,-89.64590024
38.6159732,-89.64589854
38.61597317,-89.64589683
38.61597314,-89.64589512
38.61597311,-89.64589342
38.61597308,-89.64589171
38.61597304,-89.64589
38.61597301,-89.64588829
38.61597298,-89.64588657
38.61597295,-89.64588486
38.61597292,-89.64588315
38.61597289,-89.64588143
38.61597286,-89.64587972
38.61597283,-89.645878
38.61597279,-89.64587628
38.61597276,-89.64587456
38.61597273,-89.64587284
38.6159727,-89.64587111
38.61597267,-89.64586939
38.61597264,-89.64586767
38.6159726,-89.64586594
38.61597257,-89.64586422
38.61597254,-89.6458625
38.61597251,-89.64586077
38.61597248,-89.64585904
38.61597245,-89.64585732
38.61597242,-89.64585559
38.61597239,-89.64585386
38.61597237,-89.64585214
38.61597234,-89.64585041
38.61597231,-89.64584868
38.61597228,-89.64584695
38.61597225,-89.64584521
38.61597222,-89.64584348
38.61597219,-89.64584175
38.61597216,-89.64584002
38.61597213,-89.64583829
38.6159721,-89.64583656
38.61597207,-89.64583482
38.61597204,-89.64583309
38.61597201,-89.64583136
38.61597198,-89.64582963
38.61597195,-89.64582789
38.61597192,-89.64582616
38.61597189,-89.64582443
38.61597186,-89.64582269
38.61597184,-89.64582096
38.61597181,-89.64581923
38.61597178,-89.64581749
38.61597175,-89.64581576
38.61597172,-89.64581403
38.61597169,-89.64581229
38.61597166,-89.64581055
38.61597163,-89.64580882
38.6159716,-89.64580708
38.61597157,-89.64580534
38.61597154,-89.64580361
38.61597151,-89.64580187
38.61597148,-89.64580013
38.61597145,-89.64579839
38.61597142,-89.64579666
38.61597139,-89.64579492
38.61597136,-89.64579319
38.61597133,-89.64579145
38.6159713,-89.64578972
38.61597127,-89.64578798
38.61597124,-89.64578625
38.61597121,-89.64578451
38.61597118,-89.64578277
38.61597115,-89.64578104
38.61597113,-89.6457793
38.6159711,-89.64577757
38.61597107,-89.64577583
38.61597105,-89.6457741
38.61597102,-89.64577236
38.61597099,-89.64577063
38.61597096,-89.64576889
38.61597094,-89.64576716
38.61597091,-89.64576542
38.61597088,-89.64576369
38.61597085,-89.64576195
38.61597083,-89.64576022
38.6159708,-89.64575849
38.61597078,-89.64575676
38.61597075,-89.64575503
38.61597072,-89.6457533
38.6159707,-89.64575157
38.61597067,-89.64574983
38.61597064,-89.6457481
38.61597062,-89.64574637
38.61597059,-89.64574464
38.61597057,-89.64574291
38.61597054,-89.64574118
38.61597051,-89.64573944
38.61597049,-89.64573772
38.61597046,-89.64573598
38.61597043,-89.64573425
38.6159704,-89.64573253
38.61597037,-89.64573079
38.61597035,-89.64572906
38.61597032,-89.64572734
38.61597029,-89.6457256
38.61597026,-89.64572387
38.61597024,-89.64572214
38.61597021,-89.64572041
38.61597018,-89.64571868
38.61597015,-89.64571695
38.61597012,-89.64571522
38.61597009,-89.64571349
38.61597007,-89.64571176
38.61597004,-89.64571003
38.61597001,-89.6457083
38.61596998,-89.64570657
38.61596995,-89.64570484
38.61596992,-89.64570311
38.6159699,-89.64570139
38.61596987,-89.64569966
38.61596984,-89.64569793
38.61596982,-89.64569621
38.61596979,-89.64569448
38.61596976,-89.64569275
38.61596973,-89.64569104
38.61596971,-89.64568931
38.61596968,-89.64568758
38.61596965,-89.64568586
38.61596963,-89.64568413
38.6159696,-89.64568241
38.61596957,-89.64568069
38.61596954,-89.64567896
38.61596951,-89.64567723
38.61596949,-89.64567552
38.61596946,-89.64567379
38.61596943,-89.64567207
38.61596941,-89.64567035
38.61596938,-89.64566863
38.61596935,-89.6456669
38.61596933,-89.64566519
38.6159693,-89.64566346
38.61596927,-89.64566174
38.61596925,-89.64566002
38.61596922,-89.6456583
38.6159692,-89.64565657
38.61596917,-89.64565485
38.61596914,-89.64565313
38.61596912,-89.6456514
38.61596909,-89.64564969
38.61596906,-89.64564796
38.61596904,-89.64564624
38.61596901,-89.64564452
38.61596898,-89.6456428
38.61596896,-89.64564107
38.61596894,-89.64563936
38.61596891,-89.64563764
38.61596888,-89.64563592
38.61596886,-89.64563421
38.61596883,-89.64563249
38.61596881,-89.64563077
38.61596879,-89.64562906
38.61596876,-89.64562734
38.61596873,-89.64562562
38.61596871,-89.64562391
38.61596868,-89.64562219
38.61596865,-89.64562047
38.61596863,-89.64561876
38.61596861,-89.64561705
38.61596858,-89.64561533
38.61596856,-89.64561362
38.61596853,-89.64561191
38.6159685,-89.64561018
38.61596848,-89.64560848
38.61596845,-89.64560677
38.61596842,-89.64560505
38.6159684,-89.64560334
38.61596837,-89.64560162
38.61596834,-89.64559991
38.61596832,-89.6455982
38.61596829,-89.64559648
38.61596827,-89.64559477
38.61596824,-89.64559306
38.61596821,-89.64559134
38.61596818,-89.64558963
38.61596816,-89.64558791
38.61596813,-89.6455862
38.6159681,-89.64558449
38.61596808,-89.64558278
38.61596805,-89.64558107
38.61596803,-89.64557935
38.615968,-89.64557764
38.61596798,-89.64557593
38.61596795,-89.64557422
38.61596792,-89.64557251
38.6159679,-89.6455708
38.61596787,-89.64556909
38.61596784,-89.64556738
38.61596782,-89.64556567
38.61596779,-89.64556396
38.61596776,-89.64556226
38.61596774,-89.64556055
38.61596771,-89.64555884
38.61596768,-89.64555713
38.61596766,-89.64555542
38.61596763,-89.64555371
38.6159676,-89.645552
38.61596758,-89.6455503
38.61596755,-89.64554859
38.61596752,-89.64554688
38.6159675,-89.64554517
38.61596747,-89.64554347
38.61596744,-89.64554176
38.61596741,-89.64554005
38.61596739,-89.64553835
38.61596736,-89.64553664
38.61596733,-89.64553493
38.6159673,-89.64553323
38.61596727,-89.64553152
38.61596725,-89.64552981
38.61596722,-89.64552811
38.61596719,-89.6455264
38.61596716,-89.6455247
38.61596713,-89.645523
38.6159671,-89.64552129
38.61596708,-89.64551959
38.61596705,-89.64551789
38.61596702,-89.64551619
38.61596699,-89.64551448
38.61596696,-89.64551278
38.61596693,-89.64551108
38.6159669,-89.64550938
38.61596687,-89.64550768
38.61596684,-89.64550599
38.61596681,-89.64550429
38.61596679,-89.64550258
38.61596676,-89.64550089
38.61596673,-89.64549919
38.6159667,-89.64549749
38.61596667,-89.6454958
38.61596664,-89.6454941
38.61596661,-89.6454924
38.61596659,-89.64549072
38.61596656,-89.64548902
38.61596653,-89.64548732
38.6159665,-89.64548563
38.61596647,-89.64548394
38.61596644,-89.64548224
38.61596642,-89.64548055
38.61596639,-89.64547886
38.61596636,-89.64547716
38.61596633,-89.64547548
38.6159663,-89.64547378
38.61596627,-89.64547209
38.61596625,-89.6454704
38.61596622,-89.64546871
38.61596619,-89.64546701
38.61596616,-89.64546533
38.61596613,-89.64546364
38.6159661,-89.64546194
38.61596607,-89.64546026
38.61596604,-89.64545856
38.61596601,-89.64545687
38.61596598,-89.64545519
38.61596595,-89.6454535
38.61596592,-89.64545181
38.6159659,-89.64545013
38.61596587,-89.64544844
38.61596584,-89.64544675
38.61596581,-89.64544507
38.61596578,-89.64544338
38.61596575,-89.64544169
38.61596573,-89.64544
38.6159657,-89.64543831
38.61596567,-89.64543662
38.61596564,-89.64543494
38.61596561,-89.64543325
38.61596558,-89.64543156
38.61596555,-89.64542988
38.61596552,-89.64542819
38.61596549,-89.6454265
38.61596546,-89.64542482
38.61596543,-89.64542313
38.61596541,-89.64542144
38.61596538,-89.64541976
38.61596535,-89.64541808
38.61596532,-89.64541639
38.61596529,-89.64541471
38.61596526,-89.64541303
38.61596524,-89.64541134
38.61596521,-89.64540966
38.61596518,-89.64540798
38.61596515,-89.64540629
38.61596512,-89.64540461
38.61596509,-89.64540293
38.61596507,-89.64540125
38.61596504,-89.64539957
38.61596501,-89.64539788
38.61596498,-89.6453962
38.61596496,-89.64539452
38.61596493,-89.64539284
38.6159649,-89.64539116
38.61596487,-89.64538948
38.61596485,-89.6453878
38.61596482,-89.64538612
38.61596479,-89.64538443
38.61596476,-89.64538275
38.61596474,-89.64538107
38.61596471,-89.64537939
38.61596468,-89.64537771
38.61596465,-89.64537603
38.61596463,-89.64537435
38.6159646,-89.64537267
38.61596457,-89.64537099
38.61596455,-89.64536931
38.61596452,-89.64536763
38.61596449,-89.64536595
38.61596447,-89.64536426
38.61596444,-89.64536258
38.61596441,-89.6453609
38.61596438,-89.64535922
38.61596436,-89.64535754
38.61596433,-89.64535586
38.61596431,-89.64535417
38.61596428,-89.64535249
38.61596426,-89.64535081
38.61596423,-89.64534913
38.6159642,-89.64534745
38.61596418,-89.64534577
38.61596415,-89.64534409
38.61596413,-89.64534241
38.6159641,-89.64534074
38.61596408,-89.64533905
38.61596405,-89.64533738
38.61596403,-89.6453357
38.61596401,-89.64533402
38.61596398,-89.64533235
38.61596396,-89.64533067
38.61596394,-89.645329
38.61596391,-89.64532732
38.61596389,-89.64532565
38.61596386,-89.64532397
38.61596384,-89.6453223
38.61596382,-89.64532062
38.61596379,-89.64531894
38.61596376,-89.64531726
38.61596374,-89.64531559
38.61596371,-89.64531391
38.61596369,-89.64531223
38.61596367,-89.64531056
38.61596364,-89.64530888
38.61596362,-89.6453072
38.61596359,-89.64530553
38.61596356,-89.64530384
38.61596354,-89.64530217
38.61596352,-89.64530049
38.61596348,-89.64529881
38.61596346,-89.64529713
38.61596344,-89.64529546
38.6159634,-89.64529377
38.61596338,-89.6452921
38.61596335,-89.64529042
38.61596332,-89.64528874
38.61596329,-89.64528707
38.61596327,-89.64528539
38.61596323,-89.64528371
38.61596321,-89.64528204
38.61596318,-89.64528036
38.61596315,-89.64527868
38.61596312,-89.64527701
38.6159631,-89.64527533
38.61596306,-89.64527365
38.61596304,-89.64527198
38.61596301,-89.64527031
38.61596298,-89.64526862
38.61596295,-89.64526695
38.61596292,-89.64526528
38.61596289,-89.6452636
38.61596286,-89.64526193
38.61596283,-89.64526026
38.6159628,-89.64525858
38.61596277,-89.64525691
38.61596274,-89.64525524
38.61596271,-89.64525356
38.61596268,-89.64525189
38.61596265,-89.64525022
38.61596262,-89.64524855
38.61596259,-89.64524688
38.61596256,-89.64524521
38.61596252,-89.64524354
38.61596249,-89.64524187
38.61596246,-89.6452402
38.61596242,-89.64523854
38.61596239,-89.64523687
38.61596236,-89.6452352
38.61596233,-89.64523353
38.6159623,-89.64523187
38.61596227,-89.6452302
38.61596223,-89.64522854
38.6159622,-89.64522687
38.61596217,-89.6452252
38.61596213,-89.64522354
38.6159621,-89.64522187
38.61596207,-89.6452202
38.61596203,-89.64521854
38.615962,-89.64521687
38.61596197,-89.6452152
38.61596193,-89.64521354
38.61596189,-89.64521187
38.61596186,-89.6452102
38.61596182,-89.64520853
38.61596179,-89.64520686
38.61596176,-89.6452052
38.61596172,-89.64520353
38.61596168,-89.64520186
38.61596165,-89.64520019
38.61596161,-89.64519853
38.61596158,-89.64519686
38.61596155,-89.64519519
38.61596151,-89.64519353
38.61596147,-89.64519186
38.61596144,-89.6451902
38.6159614,-89.64518853
38.61596137,-89.64518686
38.61596133,-89.64518519
38.61596129,-89.64518353
38.61596126,-89.64518186
38.61596123,-89.64518019
38.61596118,-89.64517852
38.61596115,-89.64517686
38.61596112,-89.64517519
38.61596108,-89.64517352
38.61596105,-89.64517185
38.61596102,-89.64517019
38.61596098,-89.64516852
38.61596095,-89.64516686
38.61596092,-89.64516519
38.61596087,-89.64516353
38.61596084,-89.64516186
38.61596081,-89.6451602
38.61596077,-89.64515853
38.61596074,-89.64515687
38.61596072,-89.6451552
38.61596068,-89.64515354
38.61596065,-89.64515187
38.61596062,-89.64515021
38.61596059,-89.64514855
38.61596056,-89.64514689
38.61596053,-89.64514522
38.6159605,-89.64514357
38.61596047,-89.6451419
38.61596045,-89.64514024
38.61596041,-89.64513858
38.61596038,-89.64513692
38.61596036,-89.64513526
38.61596032,-89.64513359
38.6159603,-89.64513192
38.61596027,-89.64513026
38.61596023,-89.64512859
38.61596021,-89.64512693
38.61596018,-89.64512527
38.61596014,-89.6451236
38.61596012,-89.64512193
38.61596009,-89.64512027
38.61596005,-89.6451186
38.61596003,-89.64511694
38.61596,-89.64511528
38.61595996,-89.6451136
38.61595993,-89.64511194
38.61595991,-89.64511028
38.61595987,-89.6451086
38.61595984,-89.64510694
38.61595982,-89.64510527
38.61595978,-89.6451036
38.61595975,-89.64510193
38.61595973,-89.64510027
38.61595969,-89.6450986
38.61595967,-89.64509694
38.61595964,-89.64509528
38.61595961,-89.6450936
38.61595958,-89.64509194
38.61595956,-89.64509028
38.61595952,-89.64508861
38.61595949,-89.64508695
38.61595947,-89.64508529
38.61595943,-89.64508361
38.61595941,-89.64508195
38.61595938,-89.64508029
38.61595935,-89.64507861
38.61595932,-89.64507695
38.6159593,-89.64507529
38.61595926,-89.64507362
38.61595924,-89.64507195
38.61595921,-89.64507029
38.61595917,-89.64506861
38.61595915,-89.64506695
38.61595913,-89.64506529
38.61595909,-89.6450636
38.61595906,-89.64506194
38.61595904,-89.64506028
38.615959,-89.6450586
38.61595898,-89.64505694
38.61595896,-89.64505528
38.61595892,-89.6450536
38.6159589,-89.64505194
38.61595887,-89.64505028
38.61595883,-89.64504859
38.61595881,-89.64504693
38.61595879,-89.64504527
38.61595875,-89.64504359
38.61595873,-89.64504193
38.61595871,-89.64504027
38.61595867,-89.6450386
38.61595865,-89.64503693
38.61595863,-89.64503528
38.6159586,-89.6450336
38.61595858,-89.64503194
38.61595855,-89.64503028
38.61595852,-89.64502861
38.6159585,-89.64502695
38.61595848,-89.64502529
38.61595844,-89.64502362
38.61595842,-89.64502196
38.6159584,-89.6450203
38.61595837,-89.64501863
38.61595835,-89.64501697
38.61595833,-89.64501531
38.61595829,-89.64501364
38.61595827,-89.64501198
38.61595826,-89.64501032
38.61595822,-89.64500864
38.6159582,-89.64500699
38.61595818,-89.64500532
38.61595815,-89.64500366
38.61595813,-89.645002
38.61595812,-89.64500034
38.61595808,-89.64499867
38.61595807,-89.64499701
38.61595805,-89.64499535
38.61595802,-89.64499368
38.615958,-89.64499202
38.61595798,-89.64499036
38.61595795,-89.64498869
38.61595794,-89.64498703
38.61595792,-89.64498537
38.61595789,-89.64498371
38.61595788,-89.64498205
38.61595786,-89.64498039
38.61595783,-89.64497872
38.61595781,-89.64497706
38.6159578,-89.64497541
38.61595777,-89.64497374
38.61595775,-89.64497208
38.61595773,-89.64497042
38.6159577,-89.64496875
38.61595769,-89.64496709
38.61595767,-89.64496543
38.61595764,-89.64496376
38.61595762,-89.6449621
38.61595761,-89.64496044
38.61595757,-89.64495877
38.61595756,-89.64495712
38.61595754,-89.64495546
38.61595751,-89.64495379
38.61595749,-89.64495214
38.61595747,-89.64495048
38.61595744,-89.64494882
38.61595742,-89.64494716
38.6159574,-89.6449455
38.61595736,-89.64494384
38.61595734,-89.64494218
38.61595732,-89.64494052
38.61595729,-89.64493886
38.61595727,-89.6449372
38.61595725,-89.64493554
38.61595721,-89.64493389
38.61595719,-89.64493223
38.61595717,-89.64493057
38.61595713,-89.64492892
38.61595711,-89.64492726
38.61595708,-89.6449256
38.61595705,-89.64492395
38.61595702,-89.64492229
38.615957,-89.64492063
38.61595696,-89.64491898
38.61595693,-89.64491732
38.61595691,-89.64491566
38.61595687,-89.644914
38.61595684,-89.64491234
38.61595682,-89.64491068
38.61595678,-89.64490903
38.61595675,-89.64490737
38.61595672,-89.64490571
38.61595668,-89.64490405
38.61595666,-89.6449024
38.61595663,-89.64490074
38.61595659,-89.64489908
38.61595656,-89.64489743
38.61595653,-89.64489577
38.61595649,-89.64489411
38.61595646,-89.64489246
38.61595643,-89.6448908
38.61595639,-89.64488914
38.61595636,-89.64488749
38.61595633,-89.64488583
38.61595629,-89.64488417
38.61595626,-89.64488252
38.61595623,-89.64488086
38.61595619,-89.6448792
38.61595616,-89.64487755
38.61595613,-89.64487589
38.61595609,-89.64487423
38.61595606,-89.64487257
38.61595603,-89.64487092
38.61595599,-89.64486926
38.61595596,-89.6448676
38.61595593,-89.64486594
38.61595589,-89.64486429
38.61595586,-89.64486264
38.61595583,-89.64486098
38.61595579,-89.64485933
38.61595577,-89.64485767
38.61595574,-89.64485601
38.6159557,-89.64485436
38.61595567,-89.6448527
38.61595564,-89.64485105
38.6159556,-89.64484939
38.61595557,-89.64484773
38.61595554,-89.64484608
38.6159555,-89.64484442
38.61595548,-89.64484276
38.61595545,-89.64484111
38.61595541,-89.64483945
38.61595538,-89.64483779
38.61595535,-89.64483613
38.61595531,-89.64483448
38.61595528,-89.64483283
38.61595526,-89.64483117
38.61595522,-89.64482952
38.61595519,-89.64482786
38.61595516,-89.6448262
38.61595512,-89.64482455
38.61595509,-89.64482289
38.61595507,-89.64482123
38.61595502,-89.64481958
38.615955,-89.64481792
38.61595497,-89.64481627
38.61595493,-89.64481462
38.6159549,-89.64481297
38.61595488,-89.64481131
38.61595484,-89.64480966
38.61595481,-89.64480801
38.61595479,-89.64480635
38.61595475,-89.6448047
38.61595472,-89.64480305
38.61595469,-89.64480139
38.61595466,-89.64479974
38.61595463,-89.64479808
38.6159546,-89.64479643
38.61595456,-89.64479477
38.61595454,-89.64479312
38.61595451,-89.64479146
38.61595447,-89.64478981
38.61595444,-89.64478815
38.61595442,-89.6447865
38.61595438,-89.64478484
38.61595435,-89.64478318
38.61595432,-89.64478153
38.61595429,-89.64477987
38.61595426,-89.64477821
38.61595423,-89.64477656
38.61595419,-89.6447749
38.61595417,-89.64477324
38.61595414,-89.64477159
38.6159541,-89.64476993
38.61595408,-89.64476827
38.61595405,-89.64476661
38.61595401,-89.64476496
38.61595398,-89.6447633
38.61595396,-89.64476164
38.61595391,-89.64475998
38.61595389,-89.64475833
38.61595386,-89.64475667
38.61595382,-89.64475501
38.61595379,-89.64475335
38.61595376,-89.6447517
38.61595372,-89.64475004
38.61595369,-89.64474838
38.61595367,-89.64474673
38.61595362,-89.64474507
38.6159536,-89.64474342
38.61595357,-89.64474176
38.61595353,-89.6447401
38.6159535,-89.64473845
38.61595347,-89.64473679
38.61595343,-89.64473515
38.61595341,-89.64473349
38.61595338,-89.64473183
38.61595334,-89.64473019
38.61595331,-89.64472853
38.61595328,-89.64472688
38.61595324,-89.64472523
38.61595321,-89.64472358
38.61595319,-89.64472192
38.61595314,-89.64472028
38.61595311,-89.64471862
38.61595309,-89.64471696
38.61595305,-89.64471532
38.61595302,-89.64471366
38.61595299,-89.64471201
38.61595295,-89.64471036
38.61595292,-89.64470871
38.61595289,-89.64470705
38.61595285,-89.6447054
38.61595282,-89.64470375
38.61595279,-89.64470209
38.61595275,-89.64470044
38.61595272,-89.64469878
38.61595269,-89.64469713
38.61595265,-89.64469548
38.61595262,-89.64469382
38.61595259,-89.64469217
38.61595255,-89.64469051
38.61595252,-89.64468886
38.61595249,-89.6446872
38.61595245,-89.64468555
38.61595242,-89.6446839
38.61595239,-89.64468224
38.61595235,-89.64468059
38.61595232,-89.64467894
38.61595229,-89.64467728
38.61595225,-89.64467563
38.61595222,-89.64467398
38.61595219,-89.64467232
38.61595215,-89.64467067
38.61595212,-89.64466901
38.61595209,-89.64466736
38.61595205,-89.64466572
38.61595202,-89.64466406
38.61595199,-89.64466241
38.61595195,-89.64466077
38.61595192,-89.64465912
38.61595189,-89.64465746
38.61595185,-89.64465582
38.61595182,-89.64465417
38.61595179,-89.64465251
38.61595175,-89.64465088
38.61595173,-89.64464922
38.6159517,-89.64464757
38.61595166,-89.64464593
38.61595163,-89.64464427
38.6159516,-89.64464262
38.61595156,-89.64464098
38.61595153,-89.64463933
38.6159515,-89.64463767
38.61595146,-89.64463604
38.61595143,-89.64463439
38.6159514,-89.64463273
38.61595136,-89.6446311
38.61595133,-89.64462944
38.6159513,-89.64462779
38.61595126,-89.64462615
38.61595123,-89.6446245
38.6159512,-89.64462284
38.61595116,-89.64462121
38.61595113,-89.64461955
38.6159511,-89.6446179
38.61595106,-89.64461627
38.61595103,-89.64461461
38.615951,-89.64461295
38.61595096,-89.64461132
38.61595093,-89.64460966
38.6159509,-89.64460801
38.61595086,-89.64460637
38.61595083,-89.64460471
38.6159508,-89.64460306
38.61595076,-89.64460142
38.61595073,-89.64459976
38.6159507,-89.64459811
38.61595065,-89.64459647
38.61595063,-89.64459481
38.6159506,-89.64459316
38.61595055,-89.64459151
38.61595052,-89.64458986
38.6159505,-89.6445882
38.61595045,-89.64458656
38.61595042,-89.6445849
38.6159504,-89.64458325
38.61595035,-89.6445816
38.61595032,-89.64457995
38.6159503,-89.64457829
38.61595026,-89.64457665
38.61595023,-89.64457499
38.6159502,-89.64457334
38.61595016,-89.64457168
38.61595013,-89.64457003
38.6159501,-89.64456837
38.61595006,-89.64456672
38.61595003,-89.64456507
38.61595001,-89.64456341
38.61594996,-89.64456176
38.61594994,-89.6445601
38.61594991,-89.64455845
38.61594987,-89.64455679
38.61594984,-89.64455514
38.61594981,-89.64455348
38.61594977,-89.64455183
38.61594975,-89.64455017
38.61594972,-89.64454852
38.61594968,-89.64454686
38.61594965,-89.64454521
38.61594963,-89.64454355
38.61594959,-89.64454188
38.61594956,-89.64454023
38.61594953,-89.64453857
38.61594949,-89.6445369
38.61594947,-89.64453524
38.61594944,-89.64453359
38.6159494,-89.64453192
38.61594938,-89.64453026
38.61594935,-89.64452861
38.61594931,-89.64452694
38.61594929,-89.64452528
38.61594926,-89.64452362
38.61594922,-89.64452196
38.6159492,-89.6445203
38.61594917,-89.64451864
38.61594914,-89.64451699
38.61594911,-89.64451533
38.61594909,-89.64451367
38.61594905,-89.64451202
38.61594902,-89.64451036
38.615949,-89.6445087
38.61594896,-89.64450705
38.61594894,-89.64450539
38.61594891,-89.64450373
38.61594888,-89.64450208
38.61594885,-89.64450043
38.61594883,-89.64449877
38.61594879,-89.64449712
38.61594877,-89.64449547
38.61594875,-89.64449381
38.61594871,-89.64449216
38.61594869,-89.6444905
38.61594866,-89.64448885
38.61594863,-89.6444872
38.6159486,-89.64448554
38.61594858,-89.64448388
38.61594855,-89.64448223
38.61594852,-89.64448057
38.6159485,-89.64447892
38.61594846,-89.64447727
38.61594844,-89.64447561
38.61594842,-89.64447395
38.61594838,-89.6444723
38.61594836,-89.64447064
38.61594833,-89.64446898
38.6159483,-89.64446733
38.61594828,-89.64446567
38.61594825,-89.64446401
38.61594821,-89.64446236
38.61594819,-89.6444607
38.61594817,-89.64445904
38.61594813,-89.64445738
38.61594811,-89.64445573
38.61594809,-89.64445407
38.61594805,-89.64445241
38.61594803,-89.64445075
38.61594801,-89.64444909
38.61594797,-89.64444744
38.61594795,-89.64444578
38.61594792,-89.64444412
38.61594788,-89.64444246
38.61594786,-89.6444408
38.61594784,-89.64443915
38.6159478,-89.64443748
38.61594778,-89.64443582
38.61594776,-89.64443417
38.61594772,-89.64443251
38.6159477,-89.64443085
38.61594767,-89.64442919
38.61594764,-89.64442753
38.61594762,-89.64442587
38.6159476,-89.64442422
38.61594756,-89.64442256
38.61594754,-89.6444209
38.61594752,-89.64441924
38.61594748,-89.64441758
38.61594746,-89.64441593
38.61594744,-89.64441427
38.61594741,-89.64441261
38.61594739,-89.64441095
38.61594737,-89.6444093
38.61594733,-89.64440763
38.61594731,-89.64440597
38.61594729,-89.64440431
38.61594726,-89.64440265
38.61594724,-89.64440099
38.61594722,-89.64439933
38.61594718,-89.64439767
38.61594716,-89.64439601
38.61594715,-89.64439435
38.61594711,-89.64439268
38.61594709,-89.64439103
38.61594707,-89.64438937
38.61594704,-89.6443877
38.61594702,-89.64438604
38.615947,-89.64438439
38.61594696,-89.64438272
38.61594694,-89.64438107
38.61594692,-89.64437941
38.61594688,-89.64437774
38.61594686,-89.64437609
38.61594684,-89.64437443
38.6159468,-89.64437277
38.61594678,-89.64437111
38.61594676,-89.64436946
38.61594672,-89.6443678
38.6159467,-89.64436614
38.61594668,-89.64436448
38.61594664,-89.64436282
38.61594662,-89.64436116
38.6159466,-89.64435951
38.61594656,-89.64435785
38.61594654,-89.6443562
38.61594651,-89.64435454
38.61594647,-89.64435288
38.61594645,-89.64435123
38.61594643,-89.64434957
38.61594639,-89.64434791
38.61594637,-89.64434626
38.61594635,-89.6443446
38.61594631,-89.64434295
38.61594629,-89.64434129
38.61594626,-89.64433964
38.61594622,-89.64433798
38.6159462,-89.64433633
38.61594618,-89.64433467
38.61594614,-89.64433302
38.61594611,-89.64433136
38.61594609,-89.6443297
38.61594605,-89.64432805
38.61594603,-89.64432639
38.615946,-89.64432474
38.61594597,-89.64432308
38.61594594,-89.64432143
38.61594592,-89.64431977
38.61594588,-89.64431811
38.61594585,-89.64431646
38.61594583,-89.6443148
38.61594578,-89.64431314
38.61594576,-89.64431149
38.61594573,-89.64430983
38.61594569,-89.64430819
38.61594566,-89.64430653
38.61594564,-89.64430488
38.61594559,-89.64430323
38.61594556,-89.64430158
38.61594554,-89.64429992
38.6159455,-89.64429828
38.61594547,-89.64429662
38.61594544,-89.64429497
38.6159454,-89.64429333
38.61594537,-89.64429167
38.61594534,-89.64429002
38.6159453,-89.64428837
38.61594527,-89.64428672
38.61594524,-89.64428506
38.6159452,-89.64428342
38.61594517,-89.64428176
38.61594514,-89.64428011
38.6159451,-89.64427846
38.61594507,-89.64427681
38.61594504,-89.64427516
38.615945,-89.64427351
38.61594497,-89.64427185
38.61594494,-89.6442702
38.61594489,-89.64426855
38.61594486,-89.6442669
38.61594483,-89.64426524
38.61594479,-89.64426359
38.61594476,-89.64426194
38.61594473,-89.64426029
38.61594468,-89.64425863
38.61594465,-89.64425698
38.61594462,-89.64425533
38.61594458,-89.64425367
38.61594455,-89.64425202
38.61594452,-89.64425037
38.61594447,-89.64424872
38.61594444,-89.64424706
38.61594441,-89.64424541
38.61594436,-89.64424376
38.61594434,-89.64424211
38.61594431,-89.64424045
38.61594426,-89.64423881
38.61594423,-89.64423715
38.6159442,-89.6442355
38.61594416,-89.64423386
38.61594413,-89.6442322
38.6159441,-89.64423055
38.61594405,-89.64422891
38.61594402,-89.64422725
38.61594399,-89.6442256
38.61594395,-89.64422395
38.61594392,-89.6442223
38.61594389,-89.64422065
38.61594385,-89.644219
38.61594382,-89.64421735
38.61594379,-89.6442157
38.61594374,-89.64421405
38.61594371,-89.6442124
38.61594369,-89.64421075
38.61594364,-89.6442091
38.61594361,-89.64420745
38.61594358,-89.64420579
38.61594354,-89.64420415
38.61594351,-89.64420249
38.61594348,-89.64420084
38.61594344,-89.64419919
38.61594341,-89.64419754
38.61594338,-89.64419589
38.61594334,-89.64419424
38.61594331,-89.64419258
38.61594328,-89.64419093
38.61594324,-89.64418928
38.61594321,-89.64418763
38.61594319,-89.64418598
38.61594315,-89.64418433
38.61594312,-89.64418268
38.61594309,-89.64418103
38.61594305,-89.64417938
38.61594302,-89.64417772
38.615943,-89.64417607
38.61594296,-89.64417442
38.61594293,-89.64417277
38.6159429,-89.64417112
38.61594287,-89.64416948
38.61594284,-89.64416783
38.61594281,-89.64416618
38.61594278,-89.64416453
38.61594275,-89.64416288
38.61594272,-89.64416123
38.61594269,-89.64415959
38.61594266,-89.64415794
38.61594264,-89.64415628
38.6159426,-89.64415464
38.61594257,-89.64415298
38.61594255,-89.64415133
38.61594251,-89.64414968
38.61594249,-89.64414803
38.61594246,-89.64414638
38.61594242,-89.64414473
38.6159424,-89.64414308
38.61594237,-89.64414143
38.61594234,-89.64413979
38.61594231,-89.64413813
38.61594229,-89.64413648
38.61594225,-89.64413484
38.61594223,-89.64413319
38.61594221,-89.64413154
38.61594217,-89.64412989
38.61594215,-89.64412824
38.61594212,-89.64412659
38.61594209,-89.64412495
38.61594207,-89.64412329
38.61594204,-89.64412164
38.61594201,-89.64411999
38.61594199,-89.64411834
38.61594196,-89.64411669
38.61594192,-89.64411504
38.6159419,-89.64411339
38.61594188,-89.64411174
38.61594184,-89.64411009
38.61594182,-89.64410844
38.61594179,-89.64410678
38.61594176,-89.64410513
38.61594173,-89.64410348
38.61594171,-89.64410183
38.61594167,-89.64410018
38.61594164,-89.64409853
38.61594162,-89.64409688
38.61594158,-89.64409522
38.61594155,-89.64409357
38.61594153,-89.64409192
38.61594149,-89.64409027
38.61594146,-89.64408862
38.61594144,-89.64408697
38.6159414,-89.64408532
38.61594138,-89.64408366
38.61594135,-89.64408201
38.61594131,-89.64408036
38.61594129,-89.64407871
38.61594126,-89.64407706
38.61594123,-89.64407541
38.6159412,-89.64407376
38.61594118,-89.64407211
38.61594114,-89.64407045
38.61594111,-89.6440688
38.61594109,-89.64406715
38.61594105,-89.6440655
38.61594102,-89.64406384
38.615941,-89.64406219
38.61594096,-89.64406054
38.61594093,-89.64405889
38.61594091,-89.64405724
38.61594087,-89.64405559
38.61594085,-89.64405394
38.61594082,-89.64405229
38.61594078,-89.64405064
38.61594075,-89.64404899
38.61594073,-89.64404734
38.61594068,-89.64404569
38.61594066,-89.64404404
38.61594063,-89.64404239
38.61594059,-89.64404073
38.61594056,-89.64403908
38.61594054,-89.64403743
38.61594049,-89.64403577
38.61594047,-89.64403412
38.61594044,-89.64403247
38.6159404,-89.64403081
38.61594037,-89.64402916
38.61594035,-89.64402751
38.61594031,-89.64402585
38.61594028,-89.6440242
38.61594025,-89.64402255
38.61594021,-89.64402089
38.61594019,-89.64401923
38.61594016,-89.64401758
38.61594012,-89.64401592
38.61594009,-89.64401427
38.61594006,-89.64401261
38.61594002,-89.64401095
38.61594,-89.6440093
38.61593997,-89.64400765
38.61593993,-89.64400599
38.6159399,-89.64400433
38.61593987,-89.64400268
38.61593983,-89.64400102
38.61593981,-89.64399937
38.61593978,-89.64399772
38.61593974,-89.64399605
38.61593971,-89.6439944
38.61593969,-89.64399275
38.61593965,-89.64399108
38.61593962,-89.64398943
38.61593959,-89.64398778
38.61593955,-89.64398611
38.61593953,-89.64398446
38.6159395,-89.64398281
38.61593946,-89.64398114
38.61593943,-89.64397949
38.61593941,-89.64397783
38.61593937,-89.64397616
38.61593934,-89.64397451
38.61593932,-89.64397286
38.61593928,-89.64397119
38.61593925,-89.64396953
38.61593923,-89.64396788
38.61593919,-89.64396621
38.61593916,-89.64396456
38.61593914,-89.6439629
38.6159391,-89.64396123
38.61593907,-89.64395957
38.61593905,-89.64395792
38.61593901,-89.64395624
38.61593899,-89.64395459
38.61593896,-89.64395293
38.61593892,-89.64395126
38.6159389,-89.6439496
38.61593887,-89.64394795
38.61593884,-89.64394628
38.61593881,-89.64394462
38.61593879,-89.64394297
38.61593875,-89.64394128
38.61593873,-89.64393963
38.6159387,-89.64393797
38.61593867,-89.64393629
38.61593864,-89.64393463
38.61593862,-89.64393297
38.61593858,-89.64393129
38.61593856,-89.64392964
38.61593853,-89.64392798
38.6159385,-89.6439263
38.61593847,-89.64392465
38.61593845,-89.64392299
38.61593842,-89.64392131
38.61593839,-89.64391965
38.61593837,-89.64391799
38.61593834,-89.64391632
38.61593832,-89.64391466
38.61593829,-89.643913
38.61593826,-89.64391132
38.61593824,-89.64390966
38.61593821,-89.643908
38.61593818,-89.64390632
38.61593816,-89.64390466
38.61593813,-89.643903
38.6159381,-89.64390132
38.61593808,-89.64389966
38.61593805,-89.643898
38.61593802,-89.64389632
38.615938,-89.64389466
38.61593797,-89.643893
38.61593794,-89.64389132
38.61593792,-89.64388966
38.61593789,-89.643888
38.61593786,-89.64388632
38.61593784,-89.64388466
38.61593781,-89.643883
38.61593778,-89.64388132
38.61593776,-89.64387966
38.61593773,-89.643878
38.6159377,-89.64387632
38.61593767,-89.64387466
38.61593765,-89.643873
38.61593762,-89.64387133
38.61593759,-89.64386966
38.61593757,-89.643868
38.61593754,-89.64386633
38.61593752,-89.64386466
38.61593749,-89.643863
38.61593746,-89.64386133
38.61593744,-89.64385967
38.61593742,-89.643858
38.61593739,-89.64385633
38.61593736,-89.64385467
38.61593734,-89.643853
38.61593731,-89.64385133
38.61593728,-89.64384967
38.61593726,-89.643848
38.61593723,-89.64384634
38.6159372,-89.64384468
38.61593718,-89.64384302
38.61593715,-89.64384135
38.61593713,-89.64383969
38.6159371,-89.64383803
38.61593707,-89.64383636
38.61593705,-89.6438347
38.61593703,-89.64383303
38.615937,-89.64383137
38.61593698,-89.64382971
38.61593695,-89.64382804
38.61593692,-89.64382639
38.6159369,-89.64382472
38.61593688,-89.64382306
38.61593685,-89.64382141
38.61593683,-89.64381974
38.6159368,-89.64381808
38.61593678,-89.64381642
38.61593675,-89.64381476
38.61593673,-89.64381309
38.6159367,-89.64381144
38.61593668,-89.64380977
38.61593666,-89.6438081
38.61593663,-89.64380645
38.6159366,-89.64380478
38.61593658,-89.64380312
38.61593655,-89.64380146
38.61593653,-89.64379979
38.6159365,-89.64379813
38.61593648,-89.64379647
38.61593645,-89.6437948
38.61593643,-89.64379314
38.6159364,-89.64379148
38.61593637,-89.64378982
38.61593635,-89.64378815
38.61593632,-89.64378649
38.6159363,-89.64378483
38.61593627,-89.64378316
38.61593625,-89.6437815
38.61593622,-89.64377984
38.6159362,-89.64377817
38.61593617,-89.64377651
38.61593615,-89.64377485
38.61593612,-89.64377318
38.61593609,-89.64377152
38.61593607,-89.64376985
38.61593604,-89.64376819
38.61593601,-89.64376653
38.61593599,-89.64376486
38.61593596,-89.64376319
38.61593593,-89.64376153
38.61593591,-89.64375986
38.61593588,-89.64375819
38.61593585,-89.64375653
38.61593582,-89.64375486
38.6159358,-89.64375319
38.61593577,-89.64375153
38.61593574,-89.64374986
38.61593571,-89.6437482
38.61593568,-89.64374652
38.61593565,-89.64374485
38.61593563,-89.64374319
38.61593559,-89.64374151
38.61593557,-89.64373985
38.61593554,-89.64373818
38.6159355,-89.64373651
38.61593548,-89.64373484
38.61593545,-89.64373317
38.61593542,-89.6437315
38.61593539,-89.64372983
38.61593536,-89.64372817
38.61593533,-89.64372648
38.6159353,-89.64372482
38.61593527,-89.64372315
38.61593524,-89.64372147
38.61593521,-89.6437198
38.61593518,-89.64371813
38.61593515,-89.64371645
38.61593512,-89.64371478
38.61593509,-89.64371312
38.61593505,-89.64371144
38.61593502,-89.64370977
38.615935,-89.6437081
38.61593496,-89.64370642
38.61593494,-89.64370476
38.61593491,-89.64370309
38.61593488,-89.64370141
38.61593485,-89.64369975
38.61593482,-89.64369808
38.61593479,-89.64369639
38.61593476,-89.64369472
38.61593473,-89.64369305
38.61593469,-89.64369136
38.61593466,-89.64368969
38.61593463,-89.64368803
38.6159346,-89.64368634
38.61593457,-89.64368467
38.61593454,-89.643683
38.61593451,-89.64368131
38.61593448,-89.64367965
38.61593444,-89.64367798
38.61593441,-89.64367629
38.61593438,-89.64367462
38.61593435,-89.64367296
38.61593432,-89.64367127
38.61593429,-89.6436696
38.61593426,-89.64366793
38.61593422,-89.64366625
38.61593419,-89.64366458
38.61593416,-89.64366291
38.61593413,-89.64366123
38.6159341,-89.64365957
38.61593407,-89.6436579
38.61593403,-89.64365622
38.615934,-89.64365455
38.61593397,-89.64365289
38.61593394,-89.64365121
38.6159339,-89.64364954
38.61593387,-89.64364787
38.61593384,-89.64364619
38.61593381,-89.64364452
38.61593377,-89.64364286
38.61593374,-89.64364118
38.61593371,-89.64363951
38.61593368,-89.64363784
38.61593364,-89.64363617
38.61593361,-89.6436345
38.61593357,-89.64363283
38.61593354,-89.64363115
38.6159335,-89.64362948
38.61593347,-89.64362782
38.61593343,-89.64362614
38.6159334,-89.64362447
38.61593337,-89.6436228
38.61593333,-89.64362112
38.6159333,-89.64361946
38.61593327,-89.64361779
38.61593323,-89.64361611
38.6159332,-89.64361444
38.61593317,-89.64361277
38.61593313,-89.6436111
38.6159331,-89.64360943
38.61593306,-89.64360776
38.61593303,-89.64360609
38.615933,-89.64360442
38.61593296,-89.64360275
38.61593292,-89.64360108
38.61593289,-89.64359941
38.61593286,-89.64359775
38.61593282,-89.64359607
38.61593279,-89.64359441
38.61593276,-89.64359274
38.61593272,-89.64359107
38.61593269,-89.6435894
38.61593266,-89.64358773
38.61593262,-89.64358606
38.61593259,-89.64358439
38.61593256,-89.64358272
38.61593252,-89.64358105
38.61593249,-89.64357938
38.61593245,-89.64357771
38.61593242,-89.64357604
38.61593238,-89.64357437
38.61593235,-89.64357271
38.61593232,-89.64357103
38.61593228,-89.64356937
38.61593225,-89.6435677
38.61593222,-89.64356603
38.61593218,-89.64356436
38.61593215,-89.64356269
38.61593212,-89.64356102
38.61593208,-89.64355935
38.61593205,-89.64355769
38.61593202,-89.64355602
38.61593198,-89.64355435
38.61593195,-89.64355269
38.61593192,-89.64355102
38.61593188,-89.64354935
38.61593185,-89.64354769
38.61593181,-89.64354602
38.61593178,-89.64354435
38.61593175,-89.64354268
38.61593171,-89.64354102
38.61593168,-89.64353936
38.61593165,-89.64353769
38.61593161,-89.64353603
38.61593158,-89.64353436
38.61593155,-89.64353269
38.61593151,-89.64353103
38.61593148,-89.64352936
38.61593145,-89.64352769
38.61593141,-89.64352603
38.61593138,-89.64352436
38.61593135,-89.6435227
38.61593131,-89.64352104
38.61593128,-89.64351937
38.61593124,-89.64351771
38.61593121,-89.64351605
38.61593118,-89.64351438
38.61593114,-89.64351272
38.61593111,-89.64351106
38.61593108,-89.64350939
38.61593104,-89.64350773
38.61593101,-89.64350608
38.61593098,-89.64350441
38.61593094,-89.64350274
38.61593091,-89.64350109
38.61593088,-89.64349943
38.61593084,-89.64349776
38.61593081,-89.64349611
38.61593078,-89.64349444
38.61593074,-89.64349278
38.61593071,-89.64349113
38.61593068,-89.64348946
38.61593064,-89.64348779
38.61593061,-89.64348614
38.61593058,-89.64348448
38.61593054,-89.64348281
38.61593051,-89.64348116
38.61593048,-89.64347949
38.61593045,-89.64347783
38.61593041,-89.64347618
38.61593038,-89.64347451
38.61593035,-89.64347284
38.61593031,-89.6434712
38.61593028,-89.64346954
38.61593025,-89.64346787
38.61593021,-89.64346622
38.61593018,-89.64346456
38.61593014,-89.64346289
38.61593011,-89.64346125
38.61593008,-89.64345958
38.61593004,-89.64345791
38.61593001,-89.64345628
38.61592998,-89.64345461
38.61592994,-89.64345295
38.61592991,-89.64345131
38.61592988,-89.64344965
38.61592984,-89.64344798
38.61592981,-89.64344634
38.61592978,-89.64344468
38.61592974,-89.64344301
38.61592971,-89.64344137
38.61592968,-89.64343971
38.61592965,-89.64343804
38.61592961,-89.6434364
38.61592958,-89.64343474
38.61592955,-89.64343307
38.61592951,-89.64343143
38.61592948,-89.64342977
38.61592945,-89.6434281
38.61592942,-89.64342646
38.61592938,-89.64342479
38.61592935,-89.64342313
38.61592932,-89.64342149
38.61592929,-89.64341982
38.61592926,-89.64341816
38.61592922,-89.64341651
38.61592919,-89.64341485
38.61592916,-89.64341319
38.61592912,-89.64341154
38.61592909,-89.64340988
38.61592906,-89.64340821
38.61592902,-89.64340656
38.61592899,-89.6434049
38.61592896,-89.64340324
38.61592893,-89.64340159
38.6159289,-89.64339992
38.61592886,-89.64339826
38.61592883,-89.64339661
38.6159288,-89.64339495
38.61592877,-89.64339328
38.61592874,-89.64339163
38.61592871,-89.64338997
38.61592867,-89.64338831
38.61592864,-89.64338666
38.61592861,-89.64338499
38.61592858,-89.64338333
38.61592855,-89.64338168
38.61592852,-89.64338002
38.61592849,-89.64337835
38.61592846,-89.6433767
38.61592843,-89.64337504
38.6159284,-89.64337338
38.61592836,-89.64337173
38.61592833,-89.64337006
38.6159283,-89.6433684
38.61592827,-89.64336675
38.61592824,-89.64336509
38.61592821,-89.64336342
38.61592818,-89.64336177
38.61592815,-89.64336011
38.61592812,-89.64335844
38.61592809,-89.64335679
38.61592806,-89.64335513
38.61592803,-89.64335346
38.615928,-89.64335181
38.61592797,-89.64335015
38.61592795,-89.64334849
38.61592791,-89.64334683
38.61592788,-89.64334517
38.61592786,-89.64334351
38.61592782,-89.64334185
38.61592779,-89.64334019
38.61592776,-89.64333853
38.61592773,-89.64333687
38.6159277,-89.64333521
38.61592767,-89.64333355
38.61592764,-89.6433319
38.61592761,-89.64333023
38.61592758,-89.64332857
38.61592755,-89.64332691
38.61592752,-89.64332524
38.61592749,-89.64332358
38.61592745,-89.64332192
38.61592742,-89.64332025
38.61592739,-89.64331859
38.61592736,-89.64331693
38.61592733,-89.64331527
38.6159273,-89.6433136
38.61592726,-89.64331194
38.61592723,-89.64331028
38.6159272,-89.64330862
38.61592717,-89.64330695
38.61592714,-89.64330529
38.61592711,-89.64330362
38.61592707,-89.64330196
38.61592704,-89.64330029
38.61592701,-89.64329863
38.61592698,-89.64329696
38.61592695,-89.6432953
38.61592692,-89.64329364
38.61592689,-89.64329197
38.61592686,-89.64329031
38.61592683,-89.64328864
38.6159268,-89.64328697
38.61592677,-89.64328531
38.61592674,-89.64328365
38.61592671,-89.64328198
38.61592668,-89.64328032
38.61592665,-89.64327865
38.61592662,-89.64327698
38.61592659,-89.64327532
38.61592656,-89.64327366
38.61592653,-89.64327199
38.6159265,-89.64327033
38.61592647,-89.64326867
38.61592644,-89.643267
38.61592641,-89.64326534
38.61592638,-89.64326368
38.61592635,-89.643262
38.61592632,-89.64326034
38.61592629,-89.64325868
38.61592626,-89.64325701
38.61592623,-89.64325535
38.6159262,-89.64325368
38.61592617,-89.64325201
38.61592615,-89.64325035
38.61592612,-89.64324869
38.61592609,-89.64324702
38.61592606,-89.64324536
38.61592603,-89.6432437
38.615926,-89.64324203
38.61592597,-89.64324037
38.61592594,-89.64323871
38.61592591,-89.64323704
38.61592589,-89.64323538
38.61592586,-89.64323372
38.61592583,-89.64323205
38.6159258,-89.64323039
38.61592577,-89.64322873
38.61592575,-89.64322706
38.61592572,-89.6432254
38.61592569,-89.64322374
38.61592566,-89.64322207
38.61592564,-89.64322041
38.61592561,-89.64321875
38.61592558,-89.64321708
38.61592556,-89.64321542
38.61592553,-89.64321376
38.6159255,-89.6432121
38.61592548,-89.64321044
38.61592545,-89.64320878
38.61592542,-89.64320712
38.6159254,-89.64320546
38.61592537,-89.6432038
38.61592534,-89.64320214
38.61592532,-89.64320048
38.61592529,-89.64319882
38.61592526,-89.64319716
38.61592523,-89.64319549
38.61592521,-89.64319383
38.61592518,-89.64319217
38.61592515,-89.64319051
38.61592512,-89.64318885
38.61592509,-89.64318719
38.61592507,-89.64318553
38.61592504,-89.64318386
38.61592501,-89.6431822
38.61592498,-89.64318054
38.61592496,-89.64317888
38.61592493,-89.64317722
38.6159249,-89.64317556
38.61592487,-89.6431739
38.61592484,-89.64317224
38.61592481,-89.64317057
38.61592479,-89.64316891
38.61592476,-89.64316725
38.61592473,-89.64316559
38.6159247,-89.64316393
38.61592468,-89.64316227
38.61592465,-89.64316061
38.61592462,-89.64315895
38.61592459,-89.64315729
38.61592456,-89.64315563
38.61592454,-89.64315397
38.61592451,-89.64315232
38.61592448,-89.64315066
38.61592445,-89.643149
38.61592443,-89.64314734
38.6159244,-89.64314568
38.61592437,-89.64314402
38.61592434,-89.64314236
38.61592431,-89.6431407
38.61592428,-89.64313903
38.61592426,-89.64313738
38.61592423,-89.64313571
38.6159242,-89.64313405
38.61592417,-89.64313239
38.61592414,-89.64313073
38.61592411,-89.64312907
38.61592408,-89.64312742
38.61592406,-89.64312576
38.61592403,-89.6431241
38.615924,-89.64312245
38.61592397,-89.64312079
38.61592394,-89.64311912
38.61592391,-89.64311747
38.61592388,-89.64311581
38.61592385,-89.64311415
38.61592382,-89.6431125
38.61592379,-89.64311084
38.61592376,-89.64310918
38.61592373,-89.64310753
38.6159237,-89.64310587
38.61592367,-89.64310421
38.61592364,-89.64310256
38.61592361,-89.6431009
38.61592358,-89.64309924
38.61592355,-89.64309759
38.61592352,-89.64309593
38.61592349,-89.64309427
38.61592345,-89.64309263
38.61592342,-89.64309097
38.61592339,-89.64308931
38.61592336,-89.64308766
38.61592333,-89.643086
38.6159233,-89.64308434
38.61592327,-89.64308269
38.61592323,-89.64308103
38.6159232,-89.64307937
38.61592317,-89.64307772
38.61592314,-89.64307606
38.61592311,-89.6430744
38.61592308,-89.64307275
38.61592304,-89.64307109
38.61592301,-89.64306943
38.61592298,-89.64306778
38.61592295,-89.64306612
38.61592291,-89.64306446
38.61592288,-89.64306282
38.61592285,-89.64306116
38.61592282,-89.6430595
38.61592278,-89.64305785
38.61592275,-89.64305619
38.61592272,-89.64305453
38.61592268,-89.64305289
38.61592265,-89.64305123
38.61592262,-89.64304956
38.61592258,-89.64304792
38.61592255,-89.64304626
38.61592252,-89.64304459
38.61592248,-89.64304295
38.61592245,-89.64304129
38.61592242,-89.64303962
38.61592239,-89.64303798
38.61592235,-89.64303632
38.61592232,-89.64303466
38.61592229,-89.64303301
38.61592226,-89.64303135
38.61592222,-89.64302969
38.61592219,-89.64302804
38.61592216,-89.64302638
38.61592213,-89.64302472
38.61592209,-89.64302307
38.61592206,-89.64302141
38.61592203,-89.64301975
38.615922,-89.6430181
38.61592196,-89.64301644
38.61592193,-89.64301478
38.6159219,-89.64301312
38.61592187,-89.64301146
38.61592184,-89.6430098
38.6159218,-89.64300814
38.61592177,-89.64300648
38.61592174,-89.64300482
38.61592171,-89.64300316
38.61592168,-89.6430015
38.61592165,-89.64299984
38.61592161,-89.64299818
38.61592158,-89.64299652
38.61592155,-89.64299486
38.61592152,-89.64299321
38.61592149,-89.64299155
38.61592145,-89.6429899
38.61592142,-89.64298825
38.61592139,-89.64298659
38.61592136,-89.64298493
38.61592132,-89.64298328
38.61592129,-89.64298162
38.61592126,-89.64297996
38.61592123,-89.64297831
38.6159212,-89.64297665
38.61592116,-89.64297499
38.61592113,-89.64297334
38.6159211,-89.64297168
38.61592107,-89.64297002
38.61592104,-89.64296837
38.615921,-89.64296671
38.61592097,-89.64296505
38.61592094,-89.6429634
38.61592091,-89.64296174
38.61592087,-89.64296008
38.61592084,-89.64295844
38.61592081,-89.64295678
38.61592078,-89.64295512
38.61592074,-89.64295347
38.61592071,-89.64295181
38.61592068,-89.64295015
38.61592065,-89.6429485
38.61592061,-89.64294685
38.61592058,-89.64294519
38.61592055,-89.64294354
38.61592052,-89.64294188
38.61592048,-89.64294022
38.61592045,-89.64293858
38.61592042,-89.64293692
38.61592039,-89.64293526
38.61592035,-89.64293361
38.61592032,-89.64293195
38.61592029,-89.6429303
38.61592026,-89.64292865
38.61592023,-89.64292699
38.61592019,-89.64292533
38.61592016,-89.64292369
38.61592013,-89.64292203
38.6159201,-89.64292037
38.61592007,-89.64291872
38.61592004,-89.64291707
38.61592001,-89.64291541
38.61591997,-89.64291376
38.61591994,-89.6429121
38.61591991,-89.64291044
38.61591988,-89.64290879
38.61591985,-89.64290713
38.61591982,-89.64290548
38.61591979,-89.64290382
38.61591976,-89.64290217
38.61591973,-89.64290051
38.61591969,-89.64289884
38.61591966,-89.64289719
38.61591963,-89.64289553
38.6159196,-89.64289386
38.61591957,-89.6428922
38.61591954,-89.64289055
38.6159195,-89.64288888
38.61591947,-89.64288722
38.61591944,-89.64288557
38.61591941,-89.6428839
38.61591938,-89.64288224
38.61591935,-89.64288059
38.61591931,-89.64287892
38.61591928,-89.64287727
38.61591925,-89.64287561
38.61591922,-89.64287394
38.61591918,-89.64287228
38.61591915,-89.64287063
38.61591912,-89.64286896
38.61591909,-89.6428673
38.61591906,-89.64286564
38.61591903,-89.64286397
38.615919,-89.64286232
38.61591897,-89.64286066
38.61591894,-89.64285898
38.61591891,-89.64285732
38.61591888,-89.64285567
38.61591885,-89.64285399
38.61591882,-89.64285233
38.61591879,-89.64285068
38.61591876,-89.642849
38.61591873,-89.64284734
38.6159187,-89.64284569
38.61591867,-89.64284401
38.61591864,-89.64284235
38.61591861,-89.6428407
38.61591857,-89.64283902
38.61591855,-89.64283736
38.61591851,-89.64283571
38.61591848,-89.64283403
38.61591845,-89.64283237
38.61591842,-89.64283072
38.61591839,-89.64282904
38.61591836,-89.64282738
38.61591833,-89.64282573
38.6159183,-89.64282405
38.61591827,-89.6428224
38.61591824,-89.64282074
38.61591821,-89.64281907
38.61591818,-89.64281741
38.61591815,-89.64281576
38.61591812,-89.64281408
38.61591809,-89.64281243
38.61591806,-89.64281077
38.61591803,-89.6428091
38.615918,-89.64280744
38.61591797,-89.64280578
38.61591795,-89.64280411
38.61591792,-89.64280246
38.61591789,-89.6428008
38.61591786,-89.64279913
38.61591783,-89.64279747
38.6159178,-89.64279581
38.61591778,-89.64279414
38.61591775,-89.64279249
38.61591772,-89.64279083
38.61591769,-89.64278916
38.61591766,-89.6427875
38.61591763,-89.64278585
38.61591761,-89.64278418
38.61591758,-89.64278252
38.61591755,-89.64278087
38.61591752,-89.6427792
38.61591749,-89.64277754
38.61591746,-89.64277589
38.61591743,-89.64277422
38.6159174,-89.64277256
38.61591737,-89.64277091
38.61591734,-89.64276924
38.61591731,-89.64276758
38.61591728,-89.64276593
38.61591725,-89.64276426
38.61591722,-89.6427626
38.61591719,-89.64276094
38.61591716,-89.64275928
38.61591713,-89.64275763
38.6159171,-89.64275597
38.61591707,-89.64275431
38.61591704,-89.64275265
38.61591701,-89.642751
38.61591698,-89.64274933
38.61591695,-89.64274768
38.61591692,-89.64274602
38.61591689,-89.64274436
38.61591685,-89.64274271
38.61591682,-89.64274105
38.61591679,-89.64273939
38.61591676,-89.64273774
38.61591673,-89.64273608
38.6159167,-89.64273442
38.61591667,-89.64273277
38.61591664,-89.64273111
38.6159166,-89.64272945
38.61591657,-89.64272779
38.61591654,-89.64272614
38.61591651,-89.64272448
38.61591648,-89.64272283
38.61591645,-89.64272117
38.61591641,-89.64271951
38.61591638,-89.64271786
38.61591635,-89.6427162
38.61591632,-89.64271454
38.61591629,-89.64271289
38.61591625,-89.64271123
38.61591622,-89.64270958
38.61591619,-89.64270792
38.61591616,-89.64270626
38.61591613,-89.64270461
38.6159161,-89.64270295
38.61591607,-89.6427013
38.61591604,-89.64269964
38.615916,-89.64269798
38.61591597,-89.64269633
38.61591594,-89.64269468
38.61591591,-89.64269302
38.61591588,-89.64269136
38.61591585,-89.64268972
38.61591582,-89.64268806
38.61591578,-89.6426864
38.61591575,-89.64268475
38.61591572,-89.64268309
38.61591569,-89.64268143
38.61591566,-89.64267978
38.61591563,-89.64267813
38.6159156,-89.64267646
38.61591557,-89.64267483
38.61591553,-89.64267317
38.6159155,-89.64267151
38.61591547,-89.64266987
38.61591544,-89.64266821
38.61591541,-89.64266655
38.61591538,-89.64266491
38.61591534,-89.64266325
38.61591531,-89.64266159
38.61591528,-89.64265995
38.61591525,-89.64265829
38.61591522,-89.64265663
38.61591518,-89.64265498
38.61591515,-89.64265332
38.61591512,-89.64265166
38.61591509,-89.64265002
38.61591506,-89.64264836
38.61591503,-89.6426467
38.615915,-89.64264505
38.61591496,-89.64264339
38.61591493,-89.64264173
38.6159149,-89.64264009
38.61591487,-89.64263842
38.61591484,-89.64263676
38.61591481,-89.64263512
38.61591478,-89.64263346
38.61591474,-89.6426318
38.61591471,-89.64263015
38.61591468,-89.64262849
38.61591465,-89.64262683
38.61591462,-89.64262518
38.61591459,-89.64262352
38.61591456,-89.64262185
38.61591453,-89.64262021
38.6159145,-89.64261854
38.61591446,-89.64261688
38.61591444,-89.64261523
38.61591441,-89.64261357
38.61591437,-89.64261191
38.61591435,-89.64261026
38.61591431,-89.6426086
38.61591428,-89.64260693
38.61591425,-89.64260529
38.61591422,-89.64260362
38.61591419,-89.64260196
38.61591416,-89.64260031
38.61591413,-89.64259864
38.61591409,-89.64259698
38.61591407,-89.64259533
38.61591404,-89.64259367
38.615914,-89.642592
38.61591397,-89.64259035
38.61591394,-89.64258869
38.61591391,-89.64258702
38.61591388,-89.64258537
38.61591384,-89.64258371
38.61591381,-89.64258204
38.61591378,-89.64258039
38.61591375,-89.64257872
38.61591372,-89.64257706
38.61591369,-89.6425754
38.61591366,-89.64257374
38.61591362,-89.64257207
38.6159136,-89.64257042
38.61591357,-89.64256875
38.61591353,-89.64256708
38.61591351,-89.64256543
38.61591348,-89.64256376
38.61591344,-89.6425621
38.61591342,-89.64256044
38.61591338,-89.64255878
38.61591335,-89.64255711
38.61591332,-89.64255546
38.61591329,-89.64255379
38.61591326,-89.64255213
38.61591323,-89.64255047
38.61591319,-89.64254881
38.61591316,-89.64254714
38.61591313,-89.64254548
38.6159131,-89.64254382
38.61591307,-89.64254215
38.61591304,-89.6425405
38.61591301,-89.64253883
38.61591298,-89.64253716
38.61591295,-89.64253551
38.61591292,-89.64253384
38.61591288,-89.64253217
38.61591285,-89.64253051
38.61591282,-89.64252885
38.61591279,-89.64252718
38.61591276,-89.64252552
38.61591273,-89.64252385
38.61591269,-89.64252219
38.61591267,-89.64252053
38.61591263,-89.64251886
38.6159126,-89.6425172
38.61591257,-89.64251553
38.61591254,-89.64251387
38.61591251,-89.6425122
38.61591248,-89.64251053
38.61591245,-89.64250887
38.61591242,-89.6425072
38.61591239,-89.64250553
38.61591236,-89.64250387
38.61591233,-89.6425022
38.6159123,-89.64250054
38.61591227,-89.64249887
38.61591224,-89.64249721
38.61591222,-89.64249555
38.61591218,-89.64249388
38.61591215,-89.64249221
38.61591213,-89.64249056
38.6159121,-89.64248889
38.61591207,-89.64248722
38.61591204,-89.64248556
38.61591201,-89.6424839
38.61591198,-89.64248223
38.61591196,-89.64248057
38.61591193,-89.6424789
38.6159119,-89.64247724
38.61591187,-89.64247558
38.61591184,-89.64247391
38.61591181,-89.64247224
38.61591179,-89.64247058
38.61591176,-89.64246892
38.61591173,-89.64246725
38.61591171,-89.64246559
38.61591168,-89.64246393
38.61591165,-89.64246226
38.61591163,-89.6424606
38.6159116,-89.64245893
38.61591157,-89.64245726
38.61591155,-89.64245561
38.61591152,-89.64245394
38.61591149,-89.64245227
38.61591147,-89.64245062
38.61591144,-89.64244895
38.61591141,-89.64244728
38.61591139,-89.64244563
38.61591136,-89.64244396
38.61591133,-89.64244229
38.61591131,-89.64244064
38.61591128,-89.64243897
38.61591125,-89.6424373
38.61591123,-89.64243565
38.6159112,-89.64243398
38.61591118,-89.64243231
38.61591116,-89.64243065
38.61591113,-89.64242898
38.6159111,-89.64242732
38.61591108,-89.64242565
38.61591105,-89.64242399
38.61591102,-89.64242232
38.615911,-89.64242066
38.61591097,-89.64241899
38.61591095,-89.64241732
38.61591093,-89.64241566
38.6159109,-89.64241399
38.61591087,-89.64241233
38.61591085,-89.64241067
38.61591082,-89.642409
38.6159108,-89.64240733
38.61591077,-89.64240567
38.61591075,-89.642404
38.61591072,-89.64240234
38.6159107,-89.64240068
38.61591067,-89.64239901
38.61591064,-89.64239734
38.61591062,-89.64239568
38.6159106,-89.64239402
38.61591057,-89.64239235
38.61591054,-89.64239069
38.61591052,-89.64238902
38.61591049,-89.64238735
38.61591047,-89.6423857
38.61591044,-89.64238403
38.61591041,-89.64238236
38.61591039,-89.6423807
38.61591036,-89.64237903
38.61591034,-89.64237736
38.61591032,-89.6423757
38.61591029,-89.64237403
38.61591026,-89.64237236
38.61591024,-89.6423707
38.61591021,-89.64236903
38.61591018,-89.64236737
38.61591016,-89.64236571
38.61591014,-89.64236404
38.61591011,-89.64236237
38.61591009,-89.64236072
38.61591006,-89.64235905
38.61591003,-89.64235738
38.61591001,-89.64235572
38.61590998,-89.64235406
38.61590995,-89.64235239
38.61590993,-89.64235073
38.6159099,-89.64234906
38.61590987,-89.6423474
38.61590985,-89.64234573
38.61590982,-89.64234407
38.61590979,-89.6423424
38.61590977,-89.64234074
38.61590974,-89.64233907
38.61590971,-89.64233741
38.61590968,-89.64233575
38.61590966,-89.64233408
38.61590963,-89.64233242
38.6159096,-89.64233076
38.61590957,-89.6423291
38.61590955,-89.64232744
38.61590952,-89.64232578
38.61590949,-89.64232412
38.61590946,-89.64232246
38.61590944,-89.64232081
38.61590941,-89.64231915
38.61590938,-89.64231749
38.61590935,-89.64231583
38.61590932,-89.64231418
38.61590929,-89.64231252
38.61590927,-89.64231087
38.61590924,-89.64230921
38.61590921,-89.64230756
38.61590919,-89.64230591
38.61590916,-89.64230426
38.61590913,-89.6423026
38.6159091,-89.64230095
38.61590907,-89.6422993
38.61590904,-89.64229765
38.61590902,-89.64229601
38.61590899,-89.64229436
38.61590896,-89.64229271
38.61590893,-89.64229107
38.6159089,-89.64228942
38.61590887,-89.64228778
38.61590885,-89.64228614
38.61590882,-89.6422845
38.61590879,-89.64228285
38.61590876,-89.64228121
38.61590873,-89.64227958
38.6159087,-89.64227794
38.61590868,-89.64227631
38.61590865,-89.64227467
38.61590862,-89.64227304
38.61590859,-89.64227141
38.61590856,-89.64226978
38.61590853,-89.64226814
38.6159085,-89.64226652
38.61590847,-89.64226489
38.61590844,-89.64226326
38.61590841,-89.64226165
38.61590838,-89.64226002
38.61590835,-89.64225839
38.61590833,-89.64225678
38.61590829,-89.64225516
38.61590826,-89.64225353
38.61590823,-89.64225192
38.6159082,-89.6422503
38.61590817,-89.64224868
38.61590814,-89.64224707
38.61590811,-89.64224545
38.61590808,-89.64224383
38.61590805,-89.64224222
38.61590802,-89.64224061
38.61590798,-89.64223899
38.61590796,-89.64223739
38.61590792,-89.64223578
38.61590789,-89.64223417
38.61590786,-89.64223257
38.61590783,-89.64223096
38.61590779,-89.64222935
38.61590777,-89.64222775
38.61590773,-89.64222615
38.6159077,-89.64222454
38.61590767,-89.64222295
38.61590764,-89.64222135
38.6159076,-89.64221975
38.61590758,-89.64221816
38.61590754,-89.64221657
38.6159075,-89.64221497
38.61590748,-89.64221338
38.61590744,-89.64221179
38.61590741,-89.64221019
38.61590738,-89.64220861
38.61590734,-89.64220702
38.61590731,-89.64220543
38.61590728,-89.64220385
38.61590724,-89.64220227
38.6159072,-89.64220069
38.61590718,-89.64219911
38.61590714,-89.64219753
38.6159071,-89.64219595
38.61590707,-89.64219438
38.61590704,-89.6421928
38.615907,-89.64219123
38.61590697,-89.64218966
38.61590693,-89.64218809
38.6159069,-89.64218652
38.61590687,-89.64218495
38.61590683,-89.64218339
38.6159068,-89.64218182
38.61590677,-89.64218027
38.61590673,-89.64217871
38.61590669,-89.64217715
38.61590666,-89.64217561
38.61590662,-89.64217405
38.61590659,-89.64217249
38.61590656,-89.64217095
38.61590652,-89.6421694
38.61590648,-89.64216785
38.61590645,-89.64216631
38.61590641,-89.64216477
38.61590637,-89.64216322
38.61590634,-89.64216169
38.6159063,-89.64216015
38.61590626,-89.6421586
38.61590623,-89.64215707
38.61590619,-89.64215554
38.61590615,-89.642154
38.61590612,-89.64215248
38.61590608,-89.64215094
38.61590604,-89.64214941
38.615906,-89.64214789
38.61590596,-89.64214637
38.61590592,-89.64214484
38.61590589,-89.64214332
38.61590585,-89.6421418
38.61590581,-89.64214028
38.61590578,-89.64213877
38.61590573,-89.64213725
38.61590569,-89.64213573
38.61590566,-89.64213422
38.61590562,-89.64213271
38.61590558,-89.6421312
38.61590555,-89.64212969
38.6159055,-89.64212818
38.61590546,-89.64212667
38.61590543,-89.64212517
38.61590539,-89.64212367
38.61590535,-89.64212217
38.61590532,-89.64212067
38.61590527,-89.64211917
38.61590523,-89.64211767
38.6159052,-89.64211618
38.61590516,-89.64211469
38.61590511,-89.6421132
38.61590508,-89.64211171
38.61590504,-89.64211022
38.61590499,-89.64210873
38.61590496,-89.64210725
38.61590492,-89.64210577
38.61590487,-89.64210429
38.61590484,-89.64210281
38.61590479,-89.64210134
38.61590475,-89.64209986
38.61590472,-89.64209839
38.61590467,-89.64209692
38.61590463,-89.64209545
38.61590459,-89.64209398
38.61590455,-89.64209252
38.6159045,-89.64209105
38.61590447,-89.6420896
38.61590442,-89.64208814
38.61590438,-89.64208668
38.61590434,-89.64208523
38.6159043,-89.64208378
38.61590425,-89.64208233
38.61590422,-89.64208088
38.61590417,-89.64207944
38.61590413,-89.64207799
38.61590409,-89.64207654
38.61590404,-89.6420751
38.615904,-89.64207366
38.61590396,-89.64207222
38.61590391,-89.64207078
38.61590387,-89.64206934
38.61590383,-89.64206791
38.61590379,-89.64206648
38.61590374,-89.64206504
38.61590371,-89.64206362
38.61590366,-89.64206219
38.61590362,-89.64206076
38.61590358,-89.64205934
38.61590353,-89.64205792
38.61590349,-89.6420565
38.61590345,-89.64205508
38.61590341,-89.64205367
38.61590336,-89.64205226
38.61590333,-89.64205085
38.61590328,-89.64204944
38.61590324,-89.64204803
38.6159032,-89.64204663
38.61590316,-89.64204523
38.61590311,-89.64204382
38.61590307,-89.64204242
38.61590303,-89.64204103
38.61590298,-89.64203963
38.61590295,-89.64203824
